created_at,full_name,openrank_monthly
2024-09-01,ClickHouse/ClickHouse,400.20098876953125
2024-10-01,ClickHouse/ClickHouse,387.8421936035156
2024-11-01,ClickHouse/ClickHouse,385.29522705078125
2024-12-01,ClickHouse/ClickHouse,378.157470703125
2025-01-01,ClickHouse/ClickHouse,389.9096984863281
2025-02-01,ClickHouse/ClickHouse,394.3828125
2025-03-01,ClickHouse/ClickHouse,391.7667541503906
2025-04-01,ClickHouse/ClickHouse,386.0302429199219
2025-05-01,ClickHouse/ClickHouse,383.96807861328125
2025-06-01,ClickHouse/ClickHouse,371.5789794921875
2025-07-01,ClickHouse/ClickHouse,358.09674072265625
2025-08-01,ClickHouse/ClickHouse,359.1044616699219
2024-09-01,Eventual-Inc/Daft,43.57239532470703
2024-10-01,Eventual-Inc/Daft,44.82380676269531
2024-11-01,Eventual-Inc/Daft,50.20584487915039
2024-12-01,Eventual-Inc/Daft,43.97015380859375
2025-01-01,Eventual-Inc/Daft,39.935447692871094
2025-02-01,Eventual-Inc/Daft,43.62974166870117
2025-03-01,Eventual-Inc/Daft,42.35629653930664
2025-04-01,Eventual-Inc/Daft,42.77290344238281
2025-05-01,Eventual-Inc/Daft,44.097686767578125
2025-06-01,Eventual-Inc/Daft,47.15379333496094
2025-07-01,Eventual-Inc/Daft,49.55143737792969
2025-08-01,Eventual-Inc/Daft,55.83259201049805
2024-09-01,GreptimeTeam/greptimedb,44.157257080078125
2024-10-01,GreptimeTeam/greptimedb,38.20546340942383
2024-11-01,GreptimeTeam/greptimedb,35.49949264526367
2024-12-01,GreptimeTeam/greptimedb,43.2736930847168
2025-01-01,GreptimeTeam/greptimedb,50.90605926513672
2025-02-01,GreptimeTeam/greptimedb,51.41712188720703
2025-03-01,GreptimeTeam/greptimedb,45.64080047607422
2025-04-01,GreptimeTeam/greptimedb,44.8325309753418
2025-05-01,GreptimeTeam/greptimedb,43.085418701171875
2025-06-01,GreptimeTeam/greptimedb,39.62076187133789
2025-07-01,GreptimeTeam/greptimedb,39.83594512939453
2025-08-01,GreptimeTeam/greptimedb,42.0536994934082
2024-09-01,MariaDB/server,67.7713623046875
2024-10-01,MariaDB/server,67.59413146972656
2024-11-01,MariaDB/server,67.60105895996094
2024-12-01,MariaDB/server,56.95252227783203
2025-01-01,MariaDB/server,60.07398986816406
2025-02-01,MariaDB/server,63.23159408569336
2025-03-01,MariaDB/server,72.76953887939453
2025-04-01,MariaDB/server,76.57212829589844
2025-05-01,MariaDB/server,66.77778625488281
2025-06-01,MariaDB/server,65.69363403320312
2025-07-01,MariaDB/server,59.312232971191406
2025-08-01,MariaDB/server,61.15165328979492
2024-09-01,MaterializeInc/materialize,92.04280090332031
2024-10-01,MaterializeInc/materialize,92.56974029541016
2024-11-01,MaterializeInc/materialize,78.44969177246094
2024-12-01,MaterializeInc/materialize,65.74500274658203
2025-01-01,MaterializeInc/materialize,66.5807113647461
2025-02-01,MaterializeInc/materialize,58.5150032043457
2025-03-01,MaterializeInc/materialize,56.553184509277344
2025-04-01,MaterializeInc/materialize,60.370086669921875
2025-05-01,MaterializeInc/materialize,57.1490592956543
2025-06-01,MaterializeInc/materialize,58.952701568603516
2025-07-01,MaterializeInc/materialize,58.71228790283203
2025-08-01,MaterializeInc/materialize,57.11624526977539
2024-09-01,PrefectHQ/prefect,106.0345687866211
2024-10-01,PrefectHQ/prefect,98.64427185058594
2024-11-01,PrefectHQ/prefect,96.86666870117188
2024-12-01,PrefectHQ/prefect,104.44478607177734
2025-01-01,PrefectHQ/prefect,101.23988342285156
2025-02-01,PrefectHQ/prefect,97.7343521118164
2025-03-01,PrefectHQ/prefect,92.29483032226562
2025-04-01,PrefectHQ/prefect,76.1825942993164
2025-05-01,PrefectHQ/prefect,64.88550567626953
2025-06-01,PrefectHQ/prefect,45.331703186035156
2025-07-01,PrefectHQ/prefect,43.515689849853516
2025-08-01,PrefectHQ/prefect,41.58818435668945
2024-09-01,StarRocks/StarRocks,229.4247283935547
2024-10-01,StarRocks/StarRocks,227.8804931640625
2024-11-01,StarRocks/StarRocks,210.93637084960938
2024-12-01,StarRocks/StarRocks,216.12986755371094
2025-01-01,StarRocks/StarRocks,207.57008361816406
2025-02-01,StarRocks/StarRocks,203.28488159179688
2025-03-01,StarRocks/StarRocks,216.81219482421875
2025-04-01,StarRocks/StarRocks,213.22122192382812
2025-05-01,StarRocks/StarRocks,210.68289184570312
2025-06-01,StarRocks/StarRocks,191.16026306152344
2025-07-01,StarRocks/StarRocks,197.28305053710938
2025-08-01,StarRocks/StarRocks,191.03921508789062
2024-09-01,TobikoData/sqlmesh,43.94999313354492
2024-10-01,TobikoData/sqlmesh,45.32939147949219
2024-11-01,TobikoData/sqlmesh,50.451873779296875
2024-12-01,TobikoData/sqlmesh,52.33480453491211
2025-01-01,TobikoData/sqlmesh,57.12748718261719
2025-02-01,TobikoData/sqlmesh,61.322120666503906
2025-03-01,TobikoData/sqlmesh,57.78028869628906
2025-04-01,TobikoData/sqlmesh,62.660858154296875
2025-05-01,TobikoData/sqlmesh,67.55509185791016
2025-06-01,TobikoData/sqlmesh,59.398746490478516
2025-07-01,TobikoData/sqlmesh,56.130733489990234
2025-08-01,TobikoData/sqlmesh,51.456302642822266
2024-09-01,airbytehq/airbyte,275.1833801269531
2024-10-01,airbytehq/airbyte,280.1405029296875
2024-11-01,airbytehq/airbyte,246.58438110351562
2024-12-01,airbytehq/airbyte,214.7348175048828
2025-01-01,airbytehq/airbyte,215.15577697753906
2025-02-01,airbytehq/airbyte,208.3052215576172
2025-03-01,airbytehq/airbyte,200.86672973632812
2025-04-01,airbytehq/airbyte,189.02679443359375
2025-05-01,airbytehq/airbyte,193.64547729492188
2025-06-01,airbytehq/airbyte,176.13565063476562
2025-07-01,airbytehq/airbyte,166.40939331054688
2025-08-01,airbytehq/airbyte,150.80018615722656
2024-09-01,apache/airflow,240.87176513671875
2024-10-01,apache/airflow,260.69952392578125
2024-11-01,apache/airflow,261.26422119140625
2024-12-01,apache/airflow,252.36764526367188
2025-01-01,apache/airflow,252.61692810058594
2025-02-01,apache/airflow,260.79931640625
2025-03-01,apache/airflow,282.56170654296875
2025-04-01,apache/airflow,307.1929016113281
2025-05-01,apache/airflow,298.4803161621094
2025-06-01,apache/airflow,313.6199645996094
2025-07-01,apache/airflow,323.150390625
2025-08-01,apache/airflow,308.65667724609375
2024-09-01,apache/arrow,125.05851745605469
2024-10-01,apache/arrow,110.85984802246094
2024-11-01,apache/arrow,96.61161041259766
2024-12-01,apache/arrow,93.60882568359375
2025-01-01,apache/arrow,80.1035385131836
2025-02-01,apache/arrow,85.60848236083984
2025-03-01,apache/arrow,94.15592956542969
2025-04-01,apache/arrow,96.35108184814453
2025-05-01,apache/arrow,97.39138793945312
2025-06-01,apache/arrow,88.0738296508789
2025-07-01,apache/arrow,86.7005386352539
2025-08-01,apache/arrow,74.14972686767578
2024-09-01,apache/beam,103.90787506103516
2024-10-01,apache/beam,117.09139251708984
2024-11-01,apache/beam,112.49304962158203
2024-12-01,apache/beam,103.06786346435547
2025-01-01,apache/beam,100.95315551757812
2025-02-01,apache/beam,95.989013671875
2025-03-01,apache/beam,101.95993041992188
2025-04-01,apache/beam,101.95116424560547
2025-05-01,apache/beam,104.60600280761719
2025-06-01,apache/beam,111.94271087646484
2025-07-01,apache/beam,106.93973541259766
2025-08-01,apache/beam,98.00474548339844
2024-09-01,apache/camel,46.330997467041016
2024-10-01,apache/camel,44.76044845581055
2024-11-01,apache/camel,40.826141357421875
2024-12-01,apache/camel,38.88711929321289
2025-01-01,apache/camel,44.67512130737305
2025-02-01,apache/camel,45.79650115966797
2025-03-01,apache/camel,44.071495056152344
2025-04-01,apache/camel,42.048606872558594
2025-05-01,apache/camel,44.44462966918945
2025-06-01,apache/camel,36.1458625793457
2025-07-01,apache/camel,32.99085998535156
2025-08-01,apache/camel,31.018251419067383
2024-09-01,apache/cassandra,42.54653549194336
2024-10-01,apache/cassandra,45.454856872558594
2024-11-01,apache/cassandra,45.885169982910156
2024-12-01,apache/cassandra,40.60020065307617
2025-01-01,apache/cassandra,46.20135498046875
2025-02-01,apache/cassandra,41.26237869262695
2025-03-01,apache/cassandra,44.305137634277344
2025-04-01,apache/cassandra,54.394187927246094
2025-05-01,apache/cassandra,46.74881362915039
2025-06-01,apache/cassandra,33.77362823486328
2025-07-01,apache/cassandra,32.955928802490234
2025-08-01,apache/cassandra,42.806365966796875
2024-09-01,apache/datafusion,137.13925170898438
2024-10-01,apache/datafusion,143.17935180664062
2024-11-01,apache/datafusion,136.71205139160156
2024-12-01,apache/datafusion,131.9996337890625
2025-01-01,apache/datafusion,140.58753967285156
2025-02-01,apache/datafusion,152.94100952148438
2025-03-01,apache/datafusion,138.80706787109375
2025-04-01,apache/datafusion,132.39927673339844
2025-05-01,apache/datafusion,129.00892639160156
2025-06-01,apache/datafusion,108.0682144165039
2025-07-01,apache/datafusion,102.3763656616211
2025-08-01,apache/datafusion,107.08275604248047
2024-09-01,apache/doris,318.8742370605469
2024-10-01,apache/doris,305.42633056640625
2024-11-01,apache/doris,305.74932861328125
2024-12-01,apache/doris,300.11553955078125
2025-01-01,apache/doris,292.58294677734375
2025-02-01,apache/doris,286.92755126953125
2025-03-01,apache/doris,285.3594665527344
2025-04-01,apache/doris,284.3272399902344
2025-05-01,apache/doris,283.0904846191406
2025-06-01,apache/doris,281.1908874511719
2025-07-01,apache/doris,279.6606140136719
2025-08-01,apache/doris,269.1495361328125
2024-09-01,apache/druid,96.62244415283203
2024-10-01,apache/druid,95.60450744628906
2024-11-01,apache/druid,84.10227966308594
2024-12-01,apache/druid,65.03897857666016
2025-01-01,apache/druid,54.80874252319336
2025-02-01,apache/druid,54.53457260131836
2025-03-01,apache/druid,51.7884407043457
2025-04-01,apache/druid,50.49333190917969
2025-05-01,apache/druid,52.58512496948242
2025-06-01,apache/druid,54.217529296875
2025-07-01,apache/druid,51.63981628417969
2025-08-01,apache/druid,53.560977935791016
2024-09-01,apache/flink,104.01817321777344
2024-10-01,apache/flink,102.31673431396484
2024-11-01,apache/flink,94.86864471435547
2024-12-01,apache/flink,94.38475799560547
2025-01-01,apache/flink,112.39026641845703
2025-02-01,apache/flink,108.89878845214844
2025-03-01,apache/flink,98.74507141113281
2025-04-01,apache/flink,101.63249206542969
2025-05-01,apache/flink,82.76715850830078
2025-06-01,apache/flink,82.51332092285156
2025-07-01,apache/flink,79.45555114746094
2025-08-01,apache/flink,67.0993423461914
2024-09-01,apache/gravitino,70.28129577636719
2024-10-01,apache/gravitino,70.52704620361328
2024-11-01,apache/gravitino,77.067626953125
2024-12-01,apache/gravitino,92.76832580566406
2025-01-01,apache/gravitino,91.7713851928711
2025-02-01,apache/gravitino,83.57758331298828
2025-03-01,apache/gravitino,77.932373046875
2025-04-01,apache/gravitino,78.97322845458984
2025-05-01,apache/gravitino,71.05166625976562
2025-06-01,apache/gravitino,71.0103988647461
2025-07-01,apache/gravitino,77.52081298828125
2025-08-01,apache/gravitino,85.48253631591797
2024-09-01,apache/hadoop,64.7528076171875
2024-10-01,apache/hadoop,65.60096740722656
2024-11-01,apache/hadoop,60.83760452270508
2024-12-01,apache/hadoop,57.824832916259766
2025-01-01,apache/hadoop,65.63125610351562
2025-02-01,apache/hadoop,65.09573364257812
2025-03-01,apache/hadoop,64.03654479980469
2025-04-01,apache/hadoop,67.44715881347656
2025-05-01,apache/hadoop,54.704952239990234
2025-06-01,apache/hadoop,51.162906646728516
2025-07-01,apache/hadoop,50.277732849121094
2025-08-01,apache/hadoop,52.96764373779297
2024-09-01,apache/hbase,57.81455612182617
2024-10-01,apache/hbase,58.63887023925781
2024-11-01,apache/hbase,59.808692932128906
2024-12-01,apache/hbase,60.87234115600586
2025-01-01,apache/hbase,61.06839370727539
2025-02-01,apache/hbase,56.78638458251953
2025-03-01,apache/hbase,59.1331672668457
2025-04-01,apache/hbase,61.43351364135742
2025-05-01,apache/hbase,66.89292907714844
2025-06-01,apache/hbase,65.41212463378906
2025-07-01,apache/hbase,53.8509635925293
2025-08-01,apache/hbase,58.0562629699707
2024-09-01,apache/hive,60.05665969848633
2024-10-01,apache/hive,58.26952362060547
2024-11-01,apache/hive,52.0969123840332
2024-12-01,apache/hive,47.292659759521484
2025-01-01,apache/hive,52.51921844482422
2025-02-01,apache/hive,53.39881896972656
2025-03-01,apache/hive,49.987083435058594
2025-04-01,apache/hive,58.06101989746094
2025-05-01,apache/hive,56.73788070678711
2025-06-01,apache/hive,61.470943450927734
2025-07-01,apache/hive,62.64988327026367
2025-08-01,apache/hive,55.16452407836914
2024-09-01,apache/hudi,94.33448791503906
2024-10-01,apache/hudi,88.32349395751953
2024-11-01,apache/hudi,85.22846221923828
2024-12-01,apache/hudi,85.3721923828125
2025-01-01,apache/hudi,85.49256134033203
2025-02-01,apache/hudi,83.78608703613281
2025-03-01,apache/hudi,91.11552429199219
2025-04-01,apache/hudi,90.20612335205078
2025-05-01,apache/hudi,84.44944763183594
2025-06-01,apache/hudi,74.4293212890625
2025-07-01,apache/hudi,65.45819091796875
2025-08-01,apache/hudi,69.12442016601562
2024-09-01,apache/iceberg,113.51692199707031
2024-10-01,apache/iceberg,128.302978515625
2024-11-01,apache/iceberg,114.63345336914062
2024-12-01,apache/iceberg,120.14684295654297
2025-01-01,apache/iceberg,123.84464263916016
2025-02-01,apache/iceberg,129.57388305664062
2025-03-01,apache/iceberg,122.12033081054688
2025-04-01,apache/iceberg,131.81163024902344
2025-05-01,apache/iceberg,138.6255645751953
2025-06-01,apache/iceberg,132.86669921875
2025-07-01,apache/iceberg,132.171630859375
2025-08-01,apache/iceberg,119.92462921142578
2024-09-01,apache/incubator-gluten,101.62728881835938
2024-10-01,apache/incubator-gluten,106.2329330444336
2024-11-01,apache/incubator-gluten,102.59825134277344
2024-12-01,apache/incubator-gluten,96.50231170654297
2025-01-01,apache/incubator-gluten,104.96488189697266
2025-02-01,apache/incubator-gluten,90.87769317626953
2025-03-01,apache/incubator-gluten,96.17598724365234
2025-04-01,apache/incubator-gluten,94.61015319824219
2025-05-01,apache/incubator-gluten,98.75508117675781
2025-06-01,apache/incubator-gluten,91.38536834716797
2025-07-01,apache/incubator-gluten,79.01789855957031
2025-08-01,apache/incubator-gluten,68.1568603515625
2024-09-01,apache/iotdb,71.89014434814453
2024-10-01,apache/iotdb,76.42536926269531
2024-11-01,apache/iotdb,76.5328369140625
2024-12-01,apache/iotdb,79.4422378540039
2025-01-01,apache/iotdb,79.92050170898438
2025-02-01,apache/iotdb,84.04027557373047
2025-03-01,apache/iotdb,84.72938537597656
2025-04-01,apache/iotdb,88.7496109008789
2025-05-01,apache/iotdb,80.3280258178711
2025-06-01,apache/iotdb,74.2315673828125
2025-07-01,apache/iotdb,66.11406707763672
2025-08-01,apache/iotdb,64.74156188964844
2024-09-01,apache/kafka,173.01243591308594
2024-10-01,apache/kafka,175.47848510742188
2024-11-01,apache/kafka,177.72808837890625
2024-12-01,apache/kafka,181.70236206054688
2025-01-01,apache/kafka,184.44276428222656
2025-02-01,apache/kafka,184.3116455078125
2025-03-01,apache/kafka,173.57261657714844
2025-04-01,apache/kafka,183.90321350097656
2025-05-01,apache/kafka,174.75146484375
2025-06-01,apache/kafka,169.51986694335938
2025-07-01,apache/kafka,156.4535369873047
2025-08-01,apache/kafka,141.0923614501953
2024-09-01,apache/nifi,70.30184936523438
2024-10-01,apache/nifi,72.74652099609375
2024-11-01,apache/nifi,64.90638732910156
2024-12-01,apache/nifi,59.04042053222656
2025-01-01,apache/nifi,62.46548080444336
2025-02-01,apache/nifi,58.30459976196289
2025-03-01,apache/nifi,56.704715728759766
2025-04-01,apache/nifi,55.82979202270508
2025-05-01,apache/nifi,50.98406219482422
2025-06-01,apache/nifi,48.047611236572266
2025-07-01,apache/nifi,45.86296463012695
2025-08-01,apache/nifi,47.20654296875
2024-09-01,apache/ozone,90.5614242553711
2024-10-01,apache/ozone,85.52008056640625
2024-11-01,apache/ozone,77.50447082519531
2024-12-01,apache/ozone,75.8817367553711
2025-01-01,apache/ozone,83.34164428710938
2025-02-01,apache/ozone,87.40723419189453
2025-03-01,apache/ozone,85.06187438964844
2025-04-01,apache/ozone,88.72236633300781
2025-05-01,apache/ozone,91.66378784179688
2025-06-01,apache/ozone,85.76342010498047
2025-07-01,apache/ozone,86.64632415771484
2025-08-01,apache/ozone,83.702392578125
2024-09-01,apache/pinot,97.80335235595703
2024-10-01,apache/pinot,97.93326568603516
2024-11-01,apache/pinot,102.32247161865234
2024-12-01,apache/pinot,98.85437774658203
2025-01-01,apache/pinot,101.51042175292969
2025-02-01,apache/pinot,103.34771728515625
2025-03-01,apache/pinot,100.94183349609375
2025-04-01,apache/pinot,103.13217163085938
2025-05-01,apache/pinot,107.16436004638672
2025-06-01,apache/pinot,95.8674087524414
2025-07-01,apache/pinot,93.82686614990234
2025-08-01,apache/pinot,96.0692367553711
2024-09-01,apache/polaris,33.35935592651367
2024-10-01,apache/polaris,34.755401611328125
2024-11-01,apache/polaris,34.32258987426758
2024-12-01,apache/polaris,33.74892807006836
2025-01-01,apache/polaris,44.06660079956055
2025-02-01,apache/polaris,47.22796630859375
2025-03-01,apache/polaris,54.894657135009766
2025-04-01,apache/polaris,57.896915435791016
2025-05-01,apache/polaris,60.02901840209961
2025-06-01,apache/polaris,63.59166717529297
2025-07-01,apache/polaris,64.50524139404297
2025-08-01,apache/polaris,64.62632751464844
2024-09-01,apache/pulsar,54.745792388916016
2024-10-01,apache/pulsar,56.776554107666016
2024-11-01,apache/pulsar,60.703025817871094
2024-12-01,apache/pulsar,63.56928253173828
2025-01-01,apache/pulsar,64.54094696044922
2025-02-01,apache/pulsar,57.24543762207031
2025-03-01,apache/pulsar,49.7852783203125
2025-04-01,apache/pulsar,41.205570220947266
2025-05-01,apache/pulsar,44.107364654541016
2025-06-01,apache/pulsar,48.36796569824219
2025-07-01,apache/pulsar,44.810089111328125
2025-08-01,apache/pulsar,46.562461853027344
2024-09-01,apache/seatunnel,77.8267593383789
2024-10-01,apache/seatunnel,80.05707550048828
2024-11-01,apache/seatunnel,82.94491577148438
2024-12-01,apache/seatunnel,90.50116729736328
2025-01-01,apache/seatunnel,92.10979461669922
2025-02-01,apache/seatunnel,90.00991821289062
2025-03-01,apache/seatunnel,86.31824493408203
2025-04-01,apache/seatunnel,78.07467651367188
2025-05-01,apache/seatunnel,74.5055160522461
2025-06-01,apache/seatunnel,71.49605560302734
2025-07-01,apache/seatunnel,58.0244255065918
2025-08-01,apache/seatunnel,53.57733154296875
2024-09-01,apache/shardingsphere,78.4631576538086
2024-10-01,apache/shardingsphere,78.89799499511719
2024-11-01,apache/shardingsphere,79.41932678222656
2024-12-01,apache/shardingsphere,79.91883850097656
2025-01-01,apache/shardingsphere,77.65925598144531
2025-02-01,apache/shardingsphere,64.42919921875
2025-03-01,apache/shardingsphere,62.32676696777344
2025-04-01,apache/shardingsphere,64.13224792480469
2025-05-01,apache/shardingsphere,57.570186614990234
2025-06-01,apache/shardingsphere,50.555641174316406
2025-07-01,apache/shardingsphere,49.378936767578125
2025-08-01,apache/shardingsphere,45.57964324951172
2024-09-01,apache/solr,43.05446243286133
2024-10-01,apache/solr,47.40699768066406
2024-11-01,apache/solr,49.21162033081055
2024-12-01,apache/solr,38.84733963012695
2025-01-01,apache/solr,41.7136344909668
2025-02-01,apache/solr,46.40757751464844
2025-03-01,apache/solr,46.22419738769531
2025-04-01,apache/solr,46.823726654052734
2025-05-01,apache/solr,42.3273811340332
2025-06-01,apache/solr,34.93470764160156
2025-07-01,apache/solr,32.62860107421875
2025-08-01,apache/solr,36.256385803222656
2024-09-01,apache/spark,206.7440185546875
2024-10-01,apache/spark,213.06275939941406
2024-11-01,apache/spark,203.81240844726562
2024-12-01,apache/spark,211.77833557128906
2025-01-01,apache/spark,221.01409912109375
2025-02-01,apache/spark,209.57505798339844
2025-03-01,apache/spark,192.11175537109375
2025-04-01,apache/spark,174.21307373046875
2025-05-01,apache/spark,165.34457397460938
2025-06-01,apache/spark,162.14639282226562
2025-07-01,apache/spark,165.058349609375
2025-08-01,apache/spark,177.04147338867188
2024-09-01,apache/superset,134.73208618164062
2024-10-01,apache/superset,132.76702880859375
2024-11-01,apache/superset,123.86199188232422
2024-12-01,apache/superset,132.13189697265625
2025-01-01,apache/superset,138.57684326171875
2025-02-01,apache/superset,145.47747802734375
2025-03-01,apache/superset,146.43893432617188
2025-04-01,apache/superset,147.90829467773438
2025-05-01,apache/superset,138.73959350585938
2025-06-01,apache/superset,122.09024810791016
2025-07-01,apache/superset,119.11663055419922
2025-08-01,apache/superset,112.21050262451172
2024-09-01,apple/foundationdb,47.44538497924805
2024-10-01,apple/foundationdb,49.83972930908203
2024-11-01,apple/foundationdb,47.94648742675781
2024-12-01,apple/foundationdb,47.88003921508789
2025-01-01,apple/foundationdb,46.323463439941406
2025-02-01,apple/foundationdb,44.998374938964844
2025-03-01,apple/foundationdb,42.65475082397461
2025-04-01,apple/foundationdb,45.37215805053711
2025-05-01,apple/foundationdb,42.25764083862305
2025-06-01,apple/foundationdb,38.5460319519043
2025-07-01,apple/foundationdb,40.34238052368164
2025-08-01,apple/foundationdb,40.37459945678711
2024-09-01,argoproj/argo-workflows,72.40978240966797
2024-10-01,argoproj/argo-workflows,69.45807647705078
2024-11-01,argoproj/argo-workflows,57.51165771484375
2024-12-01,argoproj/argo-workflows,54.81455993652344
2025-01-01,argoproj/argo-workflows,48.72679901123047
2025-02-01,argoproj/argo-workflows,45.08428192138672
2025-03-01,argoproj/argo-workflows,40.555973052978516
2025-04-01,argoproj/argo-workflows,41.55406188964844
2025-05-01,argoproj/argo-workflows,37.69597244262695
2025-06-01,argoproj/argo-workflows,34.757015228271484
2025-07-01,argoproj/argo-workflows,30.660106658935547
2025-08-01,argoproj/argo-workflows,34.526859283447266
2024-09-01,ceph/ceph,272.1431579589844
2024-10-01,ceph/ceph,284.4408874511719
2024-11-01,ceph/ceph,281.3092346191406
2024-12-01,ceph/ceph,267.0597839355469
2025-01-01,ceph/ceph,275.6429138183594
2025-02-01,ceph/ceph,278.0736999511719
2025-03-01,ceph/ceph,282.8559875488281
2025-04-01,ceph/ceph,295.2358703613281
2025-05-01,ceph/ceph,289.5556945800781
2025-06-01,ceph/ceph,294.0919189453125
2025-07-01,ceph/ceph,292.7501525878906
2025-08-01,ceph/ceph,287.62701416015625
2024-09-01,chroma-core/chroma,65.62226867675781
2024-10-01,chroma-core/chroma,57.681610107421875
2024-11-01,chroma-core/chroma,60.97046661376953
2024-12-01,chroma-core/chroma,63.18720245361328
2025-01-01,chroma-core/chroma,64.63961029052734
2025-02-01,chroma-core/chroma,66.2392349243164
2025-03-01,chroma-core/chroma,67.16112518310547
2025-04-01,chroma-core/chroma,76.28707885742188
2025-05-01,chroma-core/chroma,74.08245849609375
2025-06-01,chroma-core/chroma,73.86102294921875
2025-07-01,chroma-core/chroma,72.38939666748047
2025-08-01,chroma-core/chroma,62.97569274902344
2024-09-01,cockroachdb/cockroach,210.76011657714844
2024-10-01,cockroachdb/cockroach,219.87008666992188
2024-11-01,cockroachdb/cockroach,216.84996032714844
2024-12-01,cockroachdb/cockroach,216.26364135742188
2025-01-01,cockroachdb/cockroach,221.1886749267578
2025-02-01,cockroachdb/cockroach,211.27296447753906
2025-03-01,cockroachdb/cockroach,209.18772888183594
2025-04-01,cockroachdb/cockroach,210.13572692871094
2025-05-01,cockroachdb/cockroach,205.95570373535156
2025-06-01,cockroachdb/cockroach,197.97735595703125
2025-07-01,cockroachdb/cockroach,206.97030639648438
2025-08-01,cockroachdb/cockroach,200.0230712890625
2024-09-01,crate/crate,43.92131423950195
2024-10-01,crate/crate,48.49090576171875
2024-11-01,crate/crate,47.696372985839844
2024-12-01,crate/crate,36.12879180908203
2025-01-01,crate/crate,41.85570526123047
2025-02-01,crate/crate,45.80891799926758
2025-03-01,crate/crate,43.184471130371094
2025-04-01,crate/crate,42.29520797729492
2025-05-01,crate/crate,41.55744171142578
2025-06-01,crate/crate,37.896583557128906
2025-07-01,crate/crate,35.11488342285156
2025-08-01,crate/crate,26.083372116088867
2024-09-01,cube-js/cube,53.5599250793457
2024-10-01,cube-js/cube,55.37324523925781
2024-11-01,cube-js/cube,57.93471908569336
2024-12-01,cube-js/cube,48.735626220703125
2025-01-01,cube-js/cube,47.10441970825195
2025-02-01,cube-js/cube,48.97932052612305
2025-03-01,cube-js/cube,47.63921356201172
2025-04-01,cube-js/cube,48.03534698486328
2025-05-01,cube-js/cube,48.666481018066406
2025-06-01,cube-js/cube,42.618167877197266
2025-07-01,cube-js/cube,39.96458053588867
2025-08-01,cube-js/cube,33.62755584716797
2024-09-01,dagster-io/dagster,172.23875427246094
2024-10-01,dagster-io/dagster,171.65884399414062
2024-11-01,dagster-io/dagster,171.41932678222656
2024-12-01,dagster-io/dagster,173.42088317871094
2025-01-01,dagster-io/dagster,179.1552276611328
2025-02-01,dagster-io/dagster,174.19778442382812
2025-03-01,dagster-io/dagster,169.03240966796875
2025-04-01,dagster-io/dagster,170.0062255859375
2025-05-01,dagster-io/dagster,169.52760314941406
2025-06-01,dagster-io/dagster,159.9693603515625
2025-07-01,dagster-io/dagster,148.87754821777344
2025-08-01,dagster-io/dagster,127.82552337646484
2024-09-01,datahub-project/datahub,103.39480590820312
2024-10-01,datahub-project/datahub,107.00606536865234
2024-11-01,datahub-project/datahub,106.9041748046875
2024-12-01,datahub-project/datahub,99.66121673583984
2025-01-01,datahub-project/datahub,91.08454895019531
2025-02-01,datahub-project/datahub,95.15172576904297
2025-03-01,datahub-project/datahub,95.82259368896484
2025-04-01,datahub-project/datahub,101.36981964111328
2025-05-01,datahub-project/datahub,106.40948486328125
2025-06-01,datahub-project/datahub,99.7679443359375
2025-07-01,datahub-project/datahub,101.62046813964844
2025-08-01,datahub-project/datahub,106.32658386230469
2024-09-01,delta-io/delta,69.64586639404297
2024-10-01,delta-io/delta,65.94595336914062
2024-11-01,delta-io/delta,59.26953887939453
2024-12-01,delta-io/delta,62.076839447021484
2025-01-01,delta-io/delta,62.50199508666992
2025-02-01,delta-io/delta,60.236331939697266
2025-03-01,delta-io/delta,70.4675064086914
2025-04-01,delta-io/delta,72.83524322509766
2025-05-01,delta-io/delta,70.8743896484375
2025-06-01,delta-io/delta,72.3257064819336
2025-07-01,delta-io/delta,68.97456359863281
2025-08-01,delta-io/delta,61.63349533081055
2024-09-01,dlt-hub/dlt,52.52735137939453
2024-10-01,dlt-hub/dlt,53.073150634765625
2024-11-01,dlt-hub/dlt,53.38962173461914
2024-12-01,dlt-hub/dlt,52.85836410522461
2025-01-01,dlt-hub/dlt,48.78788375854492
2025-02-01,dlt-hub/dlt,50.83043670654297
2025-03-01,dlt-hub/dlt,51.008853912353516
2025-04-01,dlt-hub/dlt,52.88529586791992
2025-05-01,dlt-hub/dlt,52.97111892700195
2025-06-01,dlt-hub/dlt,53.90322494506836
2025-07-01,dlt-hub/dlt,50.09423828125
2025-08-01,dlt-hub/dlt,43.222774505615234
2024-09-01,dragonflydb/dragonfly,45.29665756225586
2024-10-01,dragonflydb/dragonfly,45.80575180053711
2024-11-01,dragonflydb/dragonfly,47.66943359375
2024-12-01,dragonflydb/dragonfly,44.22310256958008
2025-01-01,dragonflydb/dragonfly,40.88438034057617
2025-02-01,dragonflydb/dragonfly,42.08665466308594
2025-03-01,dragonflydb/dragonfly,45.03793716430664
2025-04-01,dragonflydb/dragonfly,46.0025634765625
2025-05-01,dragonflydb/dragonfly,44.673255920410156
2025-06-01,dragonflydb/dragonfly,44.482078552246094
2025-07-01,dragonflydb/dragonfly,39.95749282836914
2025-08-01,dragonflydb/dragonfly,35.88527297973633
2024-09-01,duckdb/duckdb,110.58949279785156
2024-10-01,duckdb/duckdb,112.71958923339844
2024-11-01,duckdb/duckdb,106.56231689453125
2024-12-01,duckdb/duckdb,103.72254180908203
2025-01-01,duckdb/duckdb,108.3678207397461
2025-02-01,duckdb/duckdb,105.86206817626953
2025-03-01,duckdb/duckdb,101.20166778564453
2025-04-01,duckdb/duckdb,92.12860870361328
2025-05-01,duckdb/duckdb,95.07369995117188
2025-06-01,duckdb/duckdb,83.69971466064453
2025-07-01,duckdb/duckdb,82.74395751953125
2025-08-01,duckdb/duckdb,82.10210418701172
2024-09-01,elastic/elasticsearch,328.7511291503906
2024-10-01,elastic/elasticsearch,346.0210876464844
2024-11-01,elastic/elasticsearch,361.29937744140625
2024-12-01,elastic/elasticsearch,366.2110900878906
2025-01-01,elastic/elasticsearch,363.9760437011719
2025-02-01,elastic/elasticsearch,348.0582275390625
2025-03-01,elastic/elasticsearch,341.3695373535156
2025-04-01,elastic/elasticsearch,343.7467346191406
2025-05-01,elastic/elasticsearch,348.2755432128906
2025-06-01,elastic/elasticsearch,340.00213623046875
2025-07-01,elastic/elasticsearch,335.1673278808594
2025-08-01,elastic/elasticsearch,333.7643737792969
2024-09-01,elastic/kibana,607.1648559570312
2024-10-01,elastic/kibana,635.4166870117188
2024-11-01,elastic/kibana,660.0964965820312
2024-12-01,elastic/kibana,654.8405151367188
2025-01-01,elastic/kibana,660.8740234375
2025-02-01,elastic/kibana,654.624755859375
2025-03-01,elastic/kibana,645.2362060546875
2025-04-01,elastic/kibana,655.0228271484375
2025-05-01,elastic/kibana,657.7390747070312
2025-06-01,elastic/kibana,660.1320190429688
2025-07-01,elastic/kibana,671.6051635742188
2025-08-01,elastic/kibana,676.3939819335938
2024-09-01,etcd-io/etcd,37.85378646850586
2024-10-01,etcd-io/etcd,36.98942565917969
2024-11-01,etcd-io/etcd,34.47004699707031
2024-12-01,etcd-io/etcd,36.099361419677734
2025-01-01,etcd-io/etcd,43.79414749145508
2025-02-01,etcd-io/etcd,43.386226654052734
2025-03-01,etcd-io/etcd,40.35073471069336
2025-04-01,etcd-io/etcd,51.76612091064453
2025-05-01,etcd-io/etcd,55.47756576538086
2025-06-01,etcd-io/etcd,50.644493103027344
2025-07-01,etcd-io/etcd,52.798770904541016
2025-08-01,etcd-io/etcd,49.12248229980469
2024-09-01,fluent/fluent-bit,62.74282455444336
2024-10-01,fluent/fluent-bit,60.02112579345703
2024-11-01,fluent/fluent-bit,57.43308639526367
2024-12-01,fluent/fluent-bit,59.262229919433594
2025-01-01,fluent/fluent-bit,59.62015151977539
2025-02-01,fluent/fluent-bit,60.890403747558594
2025-03-01,fluent/fluent-bit,57.03776550292969
2025-04-01,fluent/fluent-bit,52.95537185668945
2025-05-01,fluent/fluent-bit,53.91856002807617
2025-06-01,fluent/fluent-bit,44.99443435668945
2025-07-01,fluent/fluent-bit,42.34113311767578
2025-08-01,fluent/fluent-bit,44.10905838012695
2024-09-01,flyteorg/flyte,48.50537109375
2024-10-01,flyteorg/flyte,54.81685256958008
2024-11-01,flyteorg/flyte,58.214664459228516
2024-12-01,flyteorg/flyte,42.7923583984375
2025-01-01,flyteorg/flyte,41.83065414428711
2025-02-01,flyteorg/flyte,39.77129364013672
2025-03-01,flyteorg/flyte,43.69948959350586
2025-04-01,flyteorg/flyte,36.767295837402344
2025-05-01,flyteorg/flyte,38.68021011352539
2025-06-01,flyteorg/flyte,33.13247299194336
2025-07-01,flyteorg/flyte,29.041946411132812
2025-08-01,flyteorg/flyte,20.21849822998047
2024-09-01,grafana/grafana,497.07366943359375
2024-10-01,grafana/grafana,517.6452026367188
2024-11-01,grafana/grafana,510.5556945800781
2024-12-01,grafana/grafana,504.0228271484375
2025-01-01,grafana/grafana,506.8596496582031
2025-02-01,grafana/grafana,509.6893005371094
2025-03-01,grafana/grafana,512.7788696289062
2025-04-01,grafana/grafana,509.2664489746094
2025-05-01,grafana/grafana,498.6282043457031
2025-06-01,grafana/grafana,465.8268127441406
2025-07-01,grafana/grafana,464.2174072265625
2025-08-01,grafana/grafana,449.6702880859375
2024-09-01,grafana/mimir,116.3366928100586
2024-10-01,grafana/mimir,107.77204132080078
2024-11-01,grafana/mimir,111.86194610595703
2024-12-01,grafana/mimir,109.42326354980469
2025-01-01,grafana/mimir,108.26718139648438
2025-02-01,grafana/mimir,108.97256469726562
2025-03-01,grafana/mimir,104.94322204589844
2025-04-01,grafana/mimir,109.96018981933594
2025-05-01,grafana/mimir,105.1272201538086
2025-06-01,grafana/mimir,101.30687713623047
2025-07-01,grafana/mimir,100.14080047607422
2025-08-01,grafana/mimir,99.80097961425781
2024-09-01,influxdata/telegraf,45.17514419555664
2024-10-01,influxdata/telegraf,47.88750076293945
2024-11-01,influxdata/telegraf,50.76466369628906
2024-12-01,influxdata/telegraf,49.628604888916016
2025-01-01,influxdata/telegraf,51.53550720214844
2025-02-01,influxdata/telegraf,50.85335159301758
2025-03-01,influxdata/telegraf,53.680816650390625
2025-04-01,influxdata/telegraf,54.65656661987305
2025-05-01,influxdata/telegraf,48.43241500854492
2025-06-01,influxdata/telegraf,43.15130615234375
2025-07-01,influxdata/telegraf,41.26228713989258
2025-08-01,influxdata/telegraf,38.3627815246582
2024-09-01,kestra-io/kestra,51.63750076293945
2024-10-01,kestra-io/kestra,82.08613586425781
2024-11-01,kestra-io/kestra,97.05203247070312
2024-12-01,kestra-io/kestra,94.81106567382812
2025-01-01,kestra-io/kestra,85.77957916259766
2025-02-01,kestra-io/kestra,86.15644836425781
2025-03-01,kestra-io/kestra,80.90117645263672
2025-04-01,kestra-io/kestra,72.15332794189453
2025-05-01,kestra-io/kestra,69.127197265625
2025-06-01,kestra-io/kestra,72.78244018554688
2025-07-01,kestra-io/kestra,72.50411987304688
2025-08-01,kestra-io/kestra,66.88243865966797
2024-09-01,kubernetes/kubernetes,357.0753479003906
2024-10-01,kubernetes/kubernetes,382.1318054199219
2024-11-01,kubernetes/kubernetes,384.2539978027344
2024-12-01,kubernetes/kubernetes,308.96038818359375
2025-01-01,kubernetes/kubernetes,289.1221618652344
2025-02-01,kubernetes/kubernetes,308.5824279785156
2025-03-01,kubernetes/kubernetes,343.59710693359375
2025-04-01,kubernetes/kubernetes,296.71392822265625
2025-05-01,kubernetes/kubernetes,283.6243591308594
2025-06-01,kubernetes/kubernetes,261.7009582519531
2025-07-01,kubernetes/kubernetes,309.72674560546875
2025-08-01,kubernetes/kubernetes,256.5172424316406
2024-09-01,langgenius/dify,345.8907470703125
2024-10-01,langgenius/dify,377.5860900878906
2024-11-01,langgenius/dify,387.0021667480469
2024-12-01,langgenius/dify,384.2225036621094
2025-01-01,langgenius/dify,355.1839599609375
2025-02-01,langgenius/dify,415.8017578125
2025-03-01,langgenius/dify,560.8448486328125
2025-04-01,langgenius/dify,560.044677734375
2025-05-01,langgenius/dify,489.12249755859375
2025-06-01,langgenius/dify,417.998046875
2025-07-01,langgenius/dify,378.6500244140625
2025-08-01,langgenius/dify,335.8890075683594
2024-09-01,lightdash/lightdash,60.315711975097656
2024-10-01,lightdash/lightdash,59.81112289428711
2024-11-01,lightdash/lightdash,57.68180465698242
2024-12-01,lightdash/lightdash,54.14402770996094
2025-01-01,lightdash/lightdash,57.026004791259766
2025-02-01,lightdash/lightdash,55.4150390625
2025-03-01,lightdash/lightdash,57.403778076171875
2025-04-01,lightdash/lightdash,56.5922966003418
2025-05-01,lightdash/lightdash,54.528961181640625
2025-06-01,lightdash/lightdash,53.956302642822266
2025-07-01,lightdash/lightdash,57.74382781982422
2025-08-01,lightdash/lightdash,56.226890563964844
2024-09-01,metabase/metabase,233.52012634277344
2024-10-01,metabase/metabase,230.35321044921875
2024-11-01,metabase/metabase,238.4646453857422
2024-12-01,metabase/metabase,224.4749298095703
2025-01-01,metabase/metabase,236.6195068359375
2025-02-01,metabase/metabase,237.5811767578125
2025-03-01,metabase/metabase,235.32289123535156
2025-04-01,metabase/metabase,248.0723876953125
2025-05-01,metabase/metabase,246.26014709472656
2025-06-01,metabase/metabase,253.9874267578125
2025-07-01,metabase/metabase,245.6511993408203
2025-08-01,metabase/metabase,227.1837158203125
2024-09-01,milvus-io/milvus,165.8679962158203
2024-10-01,milvus-io/milvus,166.43165588378906
2024-11-01,milvus-io/milvus,159.57861328125
2024-12-01,milvus-io/milvus,162.68577575683594
2025-01-01,milvus-io/milvus,162.14547729492188
2025-02-01,milvus-io/milvus,153.91873168945312
2025-03-01,milvus-io/milvus,153.52378845214844
2025-04-01,milvus-io/milvus,152.30661010742188
2025-05-01,milvus-io/milvus,144.91775512695312
2025-06-01,milvus-io/milvus,133.74412536621094
2025-07-01,milvus-io/milvus,141.54283142089844
2025-08-01,milvus-io/milvus,123.9555892944336
2024-09-01,mlflow/mlflow,83.11579895019531
2024-10-01,mlflow/mlflow,86.10829162597656
2024-11-01,mlflow/mlflow,91.7331314086914
2024-12-01,mlflow/mlflow,88.26282501220703
2025-01-01,mlflow/mlflow,89.5411376953125
2025-02-01,mlflow/mlflow,92.69670104980469
2025-03-01,mlflow/mlflow,93.92788696289062
2025-04-01,mlflow/mlflow,104.9178695678711
2025-05-01,mlflow/mlflow,103.72711181640625
2025-06-01,mlflow/mlflow,96.99493408203125
2025-07-01,mlflow/mlflow,100.34552764892578
2025-08-01,mlflow/mlflow,99.45848083496094
2024-09-01,neondatabase/neon,86.47659301757812
2024-10-01,neondatabase/neon,91.68667602539062
2024-11-01,neondatabase/neon,81.9156265258789
2024-12-01,neondatabase/neon,84.1017074584961
2025-01-01,neondatabase/neon,87.32962036132812
2025-02-01,neondatabase/neon,92.0954818725586
2025-03-01,neondatabase/neon,92.1281509399414
2025-04-01,neondatabase/neon,94.73229217529297
2025-05-01,neondatabase/neon,94.85435485839844
2025-06-01,neondatabase/neon,96.3234634399414
2025-07-01,neondatabase/neon,101.24627685546875
2025-08-01,neondatabase/neon,49.27095413208008
2024-09-01,open-metadata/OpenMetadata,108.10721588134766
2024-10-01,open-metadata/OpenMetadata,114.79993438720703
2024-11-01,open-metadata/OpenMetadata,115.02481079101562
2024-12-01,open-metadata/OpenMetadata,118.17597961425781
2025-01-01,open-metadata/OpenMetadata,119.85013580322266
2025-02-01,open-metadata/OpenMetadata,116.39685821533203
2025-03-01,open-metadata/OpenMetadata,117.6565933227539
2025-04-01,open-metadata/OpenMetadata,117.9938735961914
2025-05-01,open-metadata/OpenMetadata,118.17869567871094
2025-06-01,open-metadata/OpenMetadata,111.7073745727539
2025-07-01,open-metadata/OpenMetadata,115.48310852050781
2025-08-01,open-metadata/OpenMetadata,117.28324890136719
2024-09-01,opensearch-project/OpenSearch,155.55914306640625
2024-10-01,opensearch-project/OpenSearch,145.2710723876953
2024-11-01,opensearch-project/OpenSearch,118.87666320800781
2024-12-01,opensearch-project/OpenSearch,111.1177749633789
2025-01-01,opensearch-project/OpenSearch,114.9724349975586
2025-02-01,opensearch-project/OpenSearch,114.82818603515625
2025-03-01,opensearch-project/OpenSearch,108.96736145019531
2025-04-01,opensearch-project/OpenSearch,123.4405746459961
2025-05-01,opensearch-project/OpenSearch,125.14869689941406
2025-06-01,opensearch-project/OpenSearch,121.96631622314453
2025-07-01,opensearch-project/OpenSearch,117.67288970947266
2025-08-01,opensearch-project/OpenSearch,111.95774841308594
2024-09-01,pingcap/tidb,157.46507263183594
2024-10-01,pingcap/tidb,158.1168212890625
2024-11-01,pingcap/tidb,159.18548583984375
2024-12-01,pingcap/tidb,160.46876525878906
2025-01-01,pingcap/tidb,152.85133361816406
2025-02-01,pingcap/tidb,144.97662353515625
2025-03-01,pingcap/tidb,144.6322021484375
2025-04-01,pingcap/tidb,152.55076599121094
2025-05-01,pingcap/tidb,156.16775512695312
2025-06-01,pingcap/tidb,156.69729614257812
2025-07-01,pingcap/tidb,149.95152282714844
2025-08-01,pingcap/tidb,142.44351196289062
2024-09-01,pola-rs/polars,176.00885009765625
2024-10-01,pola-rs/polars,169.132568359375
2024-11-01,pola-rs/polars,163.08056640625
2024-12-01,pola-rs/polars,155.12954711914062
2025-01-01,pola-rs/polars,153.24951171875
2025-02-01,pola-rs/polars,146.94261169433594
2025-03-01,pola-rs/polars,142.62269592285156
2025-04-01,pola-rs/polars,143.4213104248047
2025-05-01,pola-rs/polars,144.27757263183594
2025-06-01,pola-rs/polars,120.81649017333984
2025-07-01,pola-rs/polars,112.18704986572266
2025-08-01,pola-rs/polars,111.52376556396484
2024-09-01,prestodb/presto,112.2616195678711
2024-10-01,prestodb/presto,107.15837860107422
2024-11-01,prestodb/presto,112.9509048461914
2024-12-01,prestodb/presto,110.02892303466797
2025-01-01,prestodb/presto,100.29557037353516
2025-02-01,prestodb/presto,112.74722290039062
2025-03-01,prestodb/presto,108.77367401123047
2025-04-01,prestodb/presto,114.1112289428711
2025-05-01,prestodb/presto,115.18756866455078
2025-06-01,prestodb/presto,116.73843383789062
2025-07-01,prestodb/presto,108.1837158203125
2025-08-01,prestodb/presto,116.08021545410156
2024-09-01,prometheus/prometheus,76.15248107910156
2024-10-01,prometheus/prometheus,81.41429901123047
2024-11-01,prometheus/prometheus,78.30824279785156
2024-12-01,prometheus/prometheus,73.83592987060547
2025-01-01,prometheus/prometheus,68.04647064208984
2025-02-01,prometheus/prometheus,66.4386978149414
2025-03-01,prometheus/prometheus,68.02273559570312
2025-04-01,prometheus/prometheus,61.41971206665039
2025-05-01,prometheus/prometheus,55.88726043701172
2025-06-01,prometheus/prometheus,57.864585876464844
2025-07-01,prometheus/prometheus,53.42953872680664
2025-08-01,prometheus/prometheus,54.395206451416016
2024-09-01,pydantic/pydantic,78.78543090820312
2024-10-01,pydantic/pydantic,73.14767456054688
2024-11-01,pydantic/pydantic,80.5492935180664
2024-12-01,pydantic/pydantic,60.78792953491211
2025-01-01,pydantic/pydantic,59.056663513183594
2025-02-01,pydantic/pydantic,49.76441955566406
2025-03-01,pydantic/pydantic,42.893856048583984
2025-04-01,pydantic/pydantic,43.06816101074219
2025-05-01,pydantic/pydantic,36.685787200927734
2025-06-01,pydantic/pydantic,29.826004028320312
2025-07-01,pydantic/pydantic,23.034284591674805
2025-08-01,pydantic/pydantic,27.268239974975586
2024-09-01,qdrant/qdrant,55.25830841064453
2024-10-01,qdrant/qdrant,55.88131332397461
2024-11-01,qdrant/qdrant,63.014400482177734
2024-12-01,qdrant/qdrant,62.84058380126953
2025-01-01,qdrant/qdrant,58.7779655456543
2025-02-01,qdrant/qdrant,58.64118957519531
2025-03-01,qdrant/qdrant,59.98347854614258
2025-04-01,qdrant/qdrant,57.75339889526367
2025-05-01,qdrant/qdrant,56.96608352661133
2025-06-01,qdrant/qdrant,54.07514572143555
2025-07-01,qdrant/qdrant,51.07266616821289
2025-08-01,qdrant/qdrant,53.44366455078125
2024-09-01,questdb/questdb,45.03457260131836
2024-10-01,questdb/questdb,45.36075973510742
2024-11-01,questdb/questdb,45.172332763671875
2024-12-01,questdb/questdb,42.794044494628906
2025-01-01,questdb/questdb,38.3868522644043
2025-02-01,questdb/questdb,37.59767532348633
2025-03-01,questdb/questdb,37.49320983886719
2025-04-01,questdb/questdb,38.488983154296875
2025-05-01,questdb/questdb,32.783660888671875
2025-06-01,questdb/questdb,34.842769622802734
2025-07-01,questdb/questdb,53.59370803833008
2025-08-01,questdb/questdb,42.041236877441406
2024-09-01,rapidsai/cudf,87.60172271728516
2024-10-01,rapidsai/cudf,84.85704803466797
2024-11-01,rapidsai/cudf,81.67057800292969
2024-12-01,rapidsai/cudf,72.48777770996094
2025-01-01,rapidsai/cudf,72.30664825439453
2025-02-01,rapidsai/cudf,68.3823013305664
2025-03-01,rapidsai/cudf,70.0203857421875
2025-04-01,rapidsai/cudf,70.6828842163086
2025-05-01,rapidsai/cudf,75.11998748779297
2025-06-01,rapidsai/cudf,71.06934356689453
2025-07-01,rapidsai/cudf,69.79170227050781
2025-08-01,rapidsai/cudf,71.12425994873047
2024-09-01,ravendb/ravendb,64.98973846435547
2024-10-01,ravendb/ravendb,69.22344207763672
2024-11-01,ravendb/ravendb,70.22880554199219
2024-12-01,ravendb/ravendb,70.83312225341797
2025-01-01,ravendb/ravendb,63.46864318847656
2025-02-01,ravendb/ravendb,65.11988830566406
2025-03-01,ravendb/ravendb,56.30150604248047
2025-04-01,ravendb/ravendb,63.333126068115234
2025-05-01,ravendb/ravendb,62.784202575683594
2025-06-01,ravendb/ravendb,58.59991455078125
2025-07-01,ravendb/ravendb,59.600650787353516
2025-08-01,ravendb/ravendb,58.240623474121094
2024-09-01,ray-project/ray,207.52874755859375
2024-10-01,ray-project/ray,212.5514678955078
2024-11-01,ray-project/ray,216.34593200683594
2024-12-01,ray-project/ray,210.21542358398438
2025-01-01,ray-project/ray,211.58163452148438
2025-02-01,ray-project/ray,223.21824645996094
2025-03-01,ray-project/ray,235.6263427734375
2025-04-01,ray-project/ray,236.47743225097656
2025-05-01,ray-project/ray,241.2891845703125
2025-06-01,ray-project/ray,263.4668884277344
2025-07-01,ray-project/ray,274.22491455078125
2025-08-01,ray-project/ray,265.2026062011719
2024-09-01,redpanda-data/redpanda,104.5269546508789
2024-10-01,redpanda-data/redpanda,108.22901153564453
2024-11-01,redpanda-data/redpanda,99.53852081298828
2024-12-01,redpanda-data/redpanda,94.40963745117188
2025-01-01,redpanda-data/redpanda,94.8722152709961
2025-02-01,redpanda-data/redpanda,91.4017333984375
2025-03-01,redpanda-data/redpanda,90.37469482421875
2025-04-01,redpanda-data/redpanda,90.95628356933594
2025-05-01,redpanda-data/redpanda,87.51634216308594
2025-06-01,redpanda-data/redpanda,89.4547119140625
2025-07-01,redpanda-data/redpanda,88.44023132324219
2025-08-01,redpanda-data/redpanda,89.3240737915039
2024-09-01,risingwavelabs/risingwave,87.43744659423828
2024-10-01,risingwavelabs/risingwave,90.34680938720703
2024-11-01,risingwavelabs/risingwave,90.02167510986328
2024-12-01,risingwavelabs/risingwave,89.04462432861328
2025-01-01,risingwavelabs/risingwave,88.66376495361328
2025-02-01,risingwavelabs/risingwave,88.15476989746094
2025-03-01,risingwavelabs/risingwave,79.25252532958984
2025-04-01,risingwavelabs/risingwave,75.12059020996094
2025-05-01,risingwavelabs/risingwave,76.70072937011719
2025-06-01,risingwavelabs/risingwave,74.60005187988281
2025-07-01,risingwavelabs/risingwave,75.1795425415039
2025-08-01,risingwavelabs/risingwave,78.00313568115234
2024-09-01,scylladb/scylladb,142.576904296875
2024-10-01,scylladb/scylladb,146.85784912109375
2024-11-01,scylladb/scylladb,148.7498321533203
2024-12-01,scylladb/scylladb,144.5516815185547
2025-01-01,scylladb/scylladb,150.8133544921875
2025-02-01,scylladb/scylladb,151.1986846923828
2025-03-01,scylladb/scylladb,146.21517944335938
2025-04-01,scylladb/scylladb,149.2657012939453
2025-05-01,scylladb/scylladb,141.2572021484375
2025-06-01,scylladb/scylladb,140.51548767089844
2025-07-01,scylladb/scylladb,142.89329528808594
2025-08-01,scylladb/scylladb,142.77975463867188
2024-09-01,skypilot-org/skypilot,44.38232421875
2024-10-01,skypilot-org/skypilot,48.87281036376953
2024-11-01,skypilot-org/skypilot,48.796207427978516
2024-12-01,skypilot-org/skypilot,44.9931755065918
2025-01-01,skypilot-org/skypilot,46.48471450805664
2025-02-01,skypilot-org/skypilot,51.12364959716797
2025-03-01,skypilot-org/skypilot,50.27136993408203
2025-04-01,skypilot-org/skypilot,57.03181076049805
2025-05-01,skypilot-org/skypilot,58.700313568115234
2025-06-01,skypilot-org/skypilot,59.284324645996094
2025-07-01,skypilot-org/skypilot,61.729576110839844
2025-08-01,skypilot-org/skypilot,69.10874938964844
2024-09-01,streamlit/streamlit,101.193115234375
2024-10-01,streamlit/streamlit,106.17662811279297
2024-11-01,streamlit/streamlit,101.6744613647461
2024-12-01,streamlit/streamlit,94.40477752685547
2025-01-01,streamlit/streamlit,97.00665283203125
2025-02-01,streamlit/streamlit,100.56871795654297
2025-03-01,streamlit/streamlit,98.52093505859375
2025-04-01,streamlit/streamlit,104.12982940673828
2025-05-01,streamlit/streamlit,102.38935089111328
2025-06-01,streamlit/streamlit,90.76243591308594
2025-07-01,streamlit/streamlit,84.22081756591797
2025-08-01,streamlit/streamlit,80.91477966308594
2024-09-01,supabase/supabase,184.9235076904297
2024-10-01,supabase/supabase,184.7675018310547
2024-11-01,supabase/supabase,173.68453979492188
2024-12-01,supabase/supabase,212.32562255859375
2025-01-01,supabase/supabase,187.39718627929688
2025-02-01,supabase/supabase,195.1639404296875
2025-03-01,supabase/supabase,187.0592803955078
2025-04-01,supabase/supabase,188.24893188476562
2025-05-01,supabase/supabase,191.48402404785156
2025-06-01,supabase/supabase,178.75033569335938
2025-07-01,supabase/supabase,177.9147186279297
2025-08-01,supabase/supabase,169.01446533203125
2024-09-01,surrealdb/surrealdb,71.65303039550781
2024-10-01,surrealdb/surrealdb,62.83732986450195
2024-11-01,surrealdb/surrealdb,60.685367584228516
2024-12-01,surrealdb/surrealdb,57.15004348754883
2025-01-01,surrealdb/surrealdb,53.373538970947266
2025-02-01,surrealdb/surrealdb,47.21595764160156
2025-03-01,surrealdb/surrealdb,41.081504821777344
2025-04-01,surrealdb/surrealdb,49.46030044555664
2025-05-01,surrealdb/surrealdb,55.55487823486328
2025-06-01,surrealdb/surrealdb,50.29642868041992
2025-07-01,surrealdb/surrealdb,36.63300704956055
2025-08-01,surrealdb/surrealdb,39.578365325927734
2024-09-01,taosdata/TDengine,113.32939147949219
2024-10-01,taosdata/TDengine,108.6556167602539
2024-11-01,taosdata/TDengine,108.85790252685547
2024-12-01,taosdata/TDengine,109.92318725585938
2025-01-01,taosdata/TDengine,104.16230010986328
2025-02-01,taosdata/TDengine,104.83646392822266
2025-03-01,taosdata/TDengine,111.12435913085938
2025-04-01,taosdata/TDengine,110.68331909179688
2025-05-01,taosdata/TDengine,102.91700744628906
2025-06-01,taosdata/TDengine,96.83112335205078
2025-07-01,taosdata/TDengine,103.29322814941406
2025-08-01,taosdata/TDengine,105.45738220214844
2024-09-01,temporalio/temporal,53.200477600097656
2024-10-01,temporalio/temporal,60.26356887817383
2024-11-01,temporalio/temporal,62.467124938964844
2024-12-01,temporalio/temporal,66.49687194824219
2025-01-01,temporalio/temporal,63.392852783203125
2025-02-01,temporalio/temporal,66.58817291259766
2025-03-01,temporalio/temporal,60.27882385253906
2025-04-01,temporalio/temporal,64.55907440185547
2025-05-01,temporalio/temporal,66.03204345703125
2025-06-01,temporalio/temporal,61.24021911621094
2025-07-01,temporalio/temporal,47.742958068847656
2025-08-01,temporalio/temporal,49.25289535522461
2024-09-01,timescale/timescaledb,39.66858673095703
2024-10-01,timescale/timescaledb,39.83600616455078
2024-11-01,timescale/timescaledb,40.92478561401367
2024-12-01,timescale/timescaledb,41.87250518798828
2025-01-01,timescale/timescaledb,37.858455657958984
2025-02-01,timescale/timescaledb,44.02176284790039
2025-03-01,timescale/timescaledb,42.898929595947266
2025-04-01,timescale/timescaledb,48.527061462402344
2025-05-01,timescale/timescaledb,53.06818389892578
2025-06-01,timescale/timescaledb,47.6461067199707
2025-07-01,timescale/timescaledb,51.270782470703125
2025-08-01,timescale/timescaledb,49.781131744384766
2024-09-01,treeverse/lakeFS,40.349063873291016
2024-10-01,treeverse/lakeFS,42.23186111450195
2024-11-01,treeverse/lakeFS,40.71660614013672
2024-12-01,treeverse/lakeFS,39.615203857421875
2025-01-01,treeverse/lakeFS,43.477012634277344
2025-02-01,treeverse/lakeFS,44.19855880737305
2025-03-01,treeverse/lakeFS,46.482940673828125
2025-04-01,treeverse/lakeFS,46.44762420654297
2025-05-01,treeverse/lakeFS,47.74020004272461
2025-06-01,treeverse/lakeFS,43.1805305480957
2025-07-01,treeverse/lakeFS,46.08747863769531
2025-08-01,treeverse/lakeFS,43.72349166870117
2024-09-01,trinodb/trino,167.8976593017578
2024-10-01,trinodb/trino,173.2798614501953
2024-11-01,trinodb/trino,164.8733673095703
2024-12-01,trinodb/trino,155.07980346679688
2025-01-01,trinodb/trino,150.82875061035156
2025-02-01,trinodb/trino,156.45489501953125
2025-03-01,trinodb/trino,145.9140625
2025-04-01,trinodb/trino,132.997314453125
2025-05-01,trinodb/trino,122.16288757324219
2025-06-01,trinodb/trino,107.26859283447266
2025-07-01,trinodb/trino,95.23506164550781
2025-08-01,trinodb/trino,95.96974182128906
2024-09-01,uber/cadence,39.120941162109375
2024-10-01,uber/cadence,43.56803512573242
2024-09-01,valkey-io/valkey,55.707054138183594
2024-10-01,valkey-io/valkey,64.45689392089844
2024-11-01,valkey-io/valkey,71.29996490478516
2024-12-01,valkey-io/valkey,75.27284240722656
2025-01-01,valkey-io/valkey,73.97675323486328
2025-02-01,valkey-io/valkey,74.94464111328125
2025-03-01,valkey-io/valkey,62.56987762451172
2025-04-01,valkey-io/valkey,68.28905487060547
2025-05-01,valkey-io/valkey,67.42157745361328
2025-06-01,valkey-io/valkey,63.69139862060547
2025-07-01,valkey-io/valkey,61.30900955200195
2025-08-01,valkey-io/valkey,58.39491653442383
2024-09-01,vectordotdev/vector,56.33911895751953
2024-10-01,vectordotdev/vector,59.82402038574219
2024-11-01,vectordotdev/vector,65.9175796508789
2024-12-01,vectordotdev/vector,55.957462310791016
2025-01-01,vectordotdev/vector,58.78593063354492
2025-02-01,vectordotdev/vector,60.32121276855469
2025-03-01,vectordotdev/vector,62.578712463378906
2025-04-01,vectordotdev/vector,75.04713439941406
2025-05-01,vectordotdev/vector,69.75209045410156
2025-06-01,vectordotdev/vector,59.098876953125
2025-07-01,vectordotdev/vector,55.65155029296875
2025-08-01,vectordotdev/vector,57.123191833496094
2024-09-01,vespa-engine/vespa,53.61697006225586
2024-10-01,vespa-engine/vespa,54.05829620361328
2024-11-01,vespa-engine/vespa,60.47804260253906
2024-12-01,vespa-engine/vespa,52.61377716064453
2025-01-01,vespa-engine/vespa,49.4280891418457
2025-02-01,vespa-engine/vespa,53.06901550292969
2025-03-01,vespa-engine/vespa,55.07733917236328
2025-04-01,vespa-engine/vespa,55.98655319213867
2025-05-01,vespa-engine/vespa,59.25485610961914
2025-06-01,vespa-engine/vespa,48.498313903808594
2025-07-01,vespa-engine/vespa,45.81557083129883
2025-08-01,vespa-engine/vespa,44.73583984375
2024-09-01,vllm-project/vllm,492.21038818359375
2024-10-01,vllm-project/vllm,515.23828125
2024-11-01,vllm-project/vllm,494.39691162109375
2024-12-01,vllm-project/vllm,507.5878601074219
2025-01-01,vllm-project/vllm,489.9135437011719
2025-02-01,vllm-project/vllm,581.1900634765625
2025-03-01,vllm-project/vllm,667.5578002929688
2025-04-01,vllm-project/vllm,723.1668090820312
2025-05-01,vllm-project/vllm,709.0862426757812
2025-06-01,vllm-project/vllm,650.953369140625
2025-07-01,vllm-project/vllm,636.768798828125
2025-08-01,vllm-project/vllm,680.441650390625
2024-09-01,weaviate/weaviate,72.700927734375
2024-10-01,weaviate/weaviate,71.14373016357422
2024-11-01,weaviate/weaviate,75.0173110961914
2024-12-01,weaviate/weaviate,75.66539764404297
2025-01-01,weaviate/weaviate,72.46367645263672
2025-02-01,weaviate/weaviate,73.5184326171875
2025-03-01,weaviate/weaviate,71.8162612915039
2025-04-01,weaviate/weaviate,74.12700653076172
2025-05-01,weaviate/weaviate,76.91292572021484
2025-06-01,weaviate/weaviate,69.46128845214844
2025-07-01,weaviate/weaviate,67.70462799072266
2025-08-01,weaviate/weaviate,68.13844299316406
2024-09-01,yugabyte/yugabyte-db,157.75228881835938
2024-10-01,yugabyte/yugabyte-db,161.68284606933594
2024-11-01,yugabyte/yugabyte-db,168.6757049560547
2024-12-01,yugabyte/yugabyte-db,160.576171875
2025-01-01,yugabyte/yugabyte-db,155.5228271484375
2025-02-01,yugabyte/yugabyte-db,155.3059844970703
2025-03-01,yugabyte/yugabyte-db,160.9401397705078
2025-04-01,yugabyte/yugabyte-db,156.81549072265625
2025-05-01,yugabyte/yugabyte-db,162.74282836914062
2025-06-01,yugabyte/yugabyte-db,157.6293182373047
2025-07-01,yugabyte/yugabyte-db,139.9287872314453
2025-08-01,yugabyte/yugabyte-db,131.57521057128906
