full_name,dbms_name,category_l1,category_l2,or_avg,or_recent3,or_prev9,or_momentum,pop_avg,pop_recent3,pop_prev9,pop_momentum,or_growth,pop_growth,or_slope,pop_slope,or_cv,pop_cv,or_months,or_coverage,pop_months,pop_coverage,quadrant
postgres/postgres,PostgreSQL,"Object Oriented,Relational",,6.567288319269816,4.807424863179524,7.153909471299913,-0.3280003217169614,665.9029166666667,669.7706666666667,664.6136666666666,0.007759395057078332,-0.030436762248068377,0.007689877881979312,-0.10388583736819812,1.5495699300699342,0.23763289568250526,0.013669870355642703,12,1.0,12,1.0,market_strong_community_weak
redis/redis,Redis,Key-value,,32.05080477396647,32.370213190714516,31.94433530171712,0.013331875118857214,151.2725833333333,147.36,152.57677777777775,-0.034191164958115534,-0.17109491782724798,-0.02978012430662293,0.6512505858094542,-0.3235979020978974,0.18807947934181596,0.022668018285699174,12,1.0,12,1.0,market_strong_community_weak
elastic/elasticsearch,Elasticsearch,Document#dbdbio>|<dbengines#Search Engine,,347.0381342569987,335.1659444173177,350.9955308702257,-0.04509911113016628,126.77241666666669,117.11633333333334,129.9911111111111,-0.09904352434354477,-0.027324797222611018,-0.10306799651105464,-2.3984834897768255,-1.763262237762233,0.03090908494760632,0.05400104174003095,12,1.0,12,1.0,leaders_market+community_strong
apache/cassandra,Apache Cassandra,"Wide column,Key-value",,42.95484924316406,38.94415410359701,44.291747623019745,-0.12073566310676423,104.20566666666666,108.08333333333333,102.9131111111111,0.05023871270046577,-0.09646250439965079,0.09602696500286852,-0.577066434846891,1.1867132867132908,0.12904430607607403,0.044068566949194476,12,1.0,12,1.0,leaders_market+community_strong
mariadb/server,MariaDB,Relational,,64.85400454203288,60.327223459879555,66.36293156941731,-0.09094999221401565,90.30383333333333,93.49833333333333,89.239,0.04772950541056411,-0.10468878284564563,0.07744504394128594,-0.2686262597570868,1.081321678321682,0.08568513975641123,0.050733975699239056,12,1.0,12,1.0,leaders_market+community_strong
apache/hive,Apache Hive,Relational,,54.68665313720703,55.46859232584635,54.42600674099393,0.01915601836846032,66.21541666666666,74.291,63.523555555555554,0.16950317642449345,-0.16609289711571962,0.44743499514960156,0.319927002166535,2.568311188811189,0.08594280327415983,0.14750272776960244,12,1.0,12,1.0,leaders_market+community_strong
neo4j/neo4j,Neo4j,Graph,,7.2019514838854475,4.018123229344686,8.263227568732368,-0.5137344099599702,47.76533333333333,54.296666666666674,45.58822222222222,0.19102399742623602,-0.5393894136238984,0.2652566696466381,-0.4728770447777701,1.2527762237762228,0.3376842224652971,0.09393960330860608,12,1.0,12,1.0,market_strong_community_weak
apache/hbase,Apache HBase,Wide column,,60.49059454600016,58.613572438557945,61.11626858181424,-0.04094975366347867,23.698166666666665,22.06533333333333,24.242444444444445,-0.08980575849520134,0.09029199389948937,-0.21335588732808708,0.16663618021077836,-0.4410769230769236,0.05803745674926898,0.06864936103219704,12,1.0,12,1.0,leaders_market+community_strong
influxdata/influxdb,InfluxDB,Wide column#dbdbio>|<dbengines#Time Series,,38.104559103647865,34.27194404602051,39.38209745619032,-0.12975828460773284,21.996916666666667,22.999333333333336,21.662777777777777,0.061698253532685536,-0.07789232012294943,0.06068589800839519,-0.03859839406046655,0.12607342657342707,0.13583607508037424,0.031380155725900936,12,1.0,12,1.0,leaders_market+community_strong
apache/spark,Apache Spark (SQL),Relational,,188.19945271809897,168.4449920654297,194.7842729356554,-0.1352228312545878,20.45325,24.598333333333333,19.071555555555555,0.28979166181165666,-0.23386351674796213,0.5163816812148752,-5.458079198023652,0.8578286713286712,0.11526452382679367,0.14642344000688984,12,1.0,12,1.0,leaders_market+community_strong
clickhouse/clickhouse,ClickHouse,Relational,,378.0124053955078,355.7391357421875,385.43682861328125,-0.07704944277883267,18.309250000000002,19.181333333333335,18.018555555555555,0.06453224145479673,-0.09752932866350303,0.2399384615384616,-3.219797841318824,0.2526888111888117,0.03762539635305757,0.05638555827576856,12,1.0,12,1.0,leaders_market+community_strong
opensearch-project/opensearch,OpenSearch,Search Engine,,118.76981353759766,113.549560546875,120.50989786783855,-0.05775739125259941,17.4905,18.570999999999998,17.130333333333333,0.08410032885135521,-0.23578698984347962,0.1513488533302525,-1.0935790055281653,0.13951048951049003,0.07940653472147473,0.04879958794875126,12,1.0,12,1.0,leaders_market+community_strong
firebirdsql/firebird,Firebird,Relational,,29.670789400736492,28.97750981648763,29.90188259548611,-0.030913531147969325,17.39383333333333,16.985333333333333,17.529999999999998,-0.031070545731127466,-0.08788739267601883,-0.13040963348582849,-0.1716827712692581,-0.19197902097902053,0.0590848352273937,0.046949476928904624,12,1.0,12,1.0,market_strong_community_weak
couchbase/couchbase-lite-core,Couchbase,"Document,Key-value",,9.751375079154968,10.152336756388346,9.617721186743843,0.05558651153054491,14.608166666666667,12.737333333333332,15.23177777777778,-0.1637658112425778,-0.19160731410570958,-0.2644995322731524,-0.12528444336844452,-0.40430069930069934,0.15208719708360477,0.09790422251772708,12,1.0,12,1.0,market_strong_community_weak
apache/flink,Apache Flink,Relational,,90.19830958048503,67.95416005452473,97.61302608913846,-0.3038412722450565,11.602916666666665,12.499333333333334,11.30411111111111,0.10573341065688999,-0.4399001585207927,0.19313501144164752,-3.756716748217603,0.1955979020979021,0.1775376479837437,0.06968242521675146,12,1.0,12,1.0,leaders_market+community_strong
apache/couchdb,CouchDB,Document,,18.678578694661457,17.506209055582683,19.069368574354385,-0.08197227468107839,7.236,6.828666666666667,7.371777777777778,-0.07367437373767823,-0.09434088132729215,-0.1302097159543403,-0.20814987662788817,-0.10890909090909096,0.09801047434480027,0.06171922415916506,12,1.0,12,1.0,market_strong_community_weak
etcd-io/etcd,etcd,Key-value,,45.22682762145996,49.91460291544596,43.66423585679796,0.14314614548956778,7.0995,7.073333333333333,7.108222222222222,-0.0049082439741145265,0.2928709946088075,0.03793055361874206,1.5729837217531015,-0.00506293706293714,0.15003448499607147,0.019567059895946693,12,1.0,12,1.0,leaders_market+community_strong
h2database/h2database,H2,Relational,,6.645255943139394,5.463299751281738,7.03924134042528,-0.22387946554597457,7.048500000000001,6.9703333333333335,7.0745555555555555,-0.014731981592875846,-0.18606621093544276,-0.007244395844723884,-0.427147212562027,-0.008440559440559563,0.3088726634125868,0.02466866876317726,12,1.0,12,1.0,market_strong_community_weak
prometheus/prometheus,Prometheus,Key-value#dbdbio>|<dbengines#Time Series,,63.91755294799805,51.924233754475914,67.91532601250543,-0.2354563129842745,6.985916666666667,7.4510000000000005,6.8308888888888895,0.09078044178405281,-0.4110622253396663,0.08385772913816696,-2.8509041846215277,0.0387237762237764,0.1574213887758734,0.057051597172256066,12,1.0,12,1.0,leaders_market+community_strong
duckdb/duckdb,DuckDB,Relational,,95.65077273050944,79.49041493733723,101.03755866156683,-0.2132587525833184,6.9575,7.914666666666666,6.638444444444445,0.19224717972751307,-0.3468288555149041,0.45369441658308246,-3.3629691117293286,0.2163636363636366,0.12672814710643557,0.11474001728939257,12,1.0,12,1.0,leaders_market+community_strong
realm/realm-core,Realm,Object Oriented#dbdbio>|<dbengines#Document,,5.943012214369244,0.6055979828039805,8.611719330151876,-0.9296774593333966,6.786583333333333,6.566666666666666,6.8598888888888885,-0.04274445650237287,-0.9724569365347965,-0.032779906343124714,-1.9824570372700692,-0.05062587412587408,0.9020080140262825,0.03289144619368392,9,0.75,12,1.0,market_strong_community_weak
prestodb/presto,Presto,"Wide column,Relational,Key-value,Document",,110.82229296366374,110.62520345052083,110.88798946804471,-0.002369833007023796,6.378749999999999,6.187666666666668,6.442444444444444,-0.03954675588975865,0.00423019162842834,-0.08096993760635278,0.40247048864831597,-0.056723776223776064,0.04094568769443119,0.043460140172577766,12,1.0,12,1.0,leaders_market+community_strong
trinodb/trino,Trino,Relational,,132.2037493387858,92.52848561604817,145.42883724636502,-0.3637542088072982,5.447583333333334,5.8933333333333335,5.299,0.1121595269547713,-0.5014962924230206,0.2030336257309941,-8.141715629951099,0.05766083916083919,0.21729902071936197,0.07168049676976267,12,1.0,12,1.0,leaders_market+community_strong
hazelcast/hazelcast,Hazelcast,Key-value,,8.405041535695394,4.819367249806722,9.600266297658285,-0.49799650339050794,5.361999999999999,5.003,5.481666666666666,-0.08732137427789581,-0.7572753589452503,-0.054966768456978635,-0.9913698176403972,-0.04839160839160826,0.4645934655626597,0.047719879229011504,12,1.0,12,1.0,market_strong_community_weak
cockroachdb/cockroach,CockroachDB,Relational,,209.4358050028483,201.50927225748697,212.0779825846354,-0.04983407611834816,4.317083333333333,4.551666666666667,4.238888888888889,0.07378768020969857,-0.10158565870099004,0.03900123813454397,-2.0742931766109978,0.00631118881118886,0.03729816482189621,0.07221787958537093,12,1.0,12,1.0,leaders_market+community_strong
timescale/timescaledb,TimescaleDB,Time Series,,45.67024517059326,50.46304829915365,44.0726441277398,0.14499706786123276,3.723166666666667,3.9903333333333335,3.6341111111111113,0.09802183018925612,0.26361137897320347,0.1304691618344754,1.198301315307616,0.028426573426573468,0.10562518465594647,0.05480960140093066,12,1.0,12,1.0,leaders_market+community_strong
pingcap/tidb,TiDB,Key-value#dbdbio>|<dbengines#Relational,,151.24669901529947,143.1044464111328,153.96078321668836,-0.07051365015645611,3.601416666666667,3.4763333333333333,3.6431111111111116,-0.045778943515920614,-0.13406870105837057,-0.06582900846763182,-1.3872740418760876,-0.033555944055944024,0.047563484452465866,0.04816587761394321,12,1.0,12,1.0,leaders_market+community_strong
milvus-io/milvus,Milvus,Vector,,147.59905624389648,127.31204732259114,154.36139255099826,-0.17523387669277793,3.128083333333333,3.9013333333333335,2.870333333333333,0.35919173150621325,-0.30038717313643704,0.49371693121693133,-4.156531380606701,0.10780069930069935,0.10349993114897453,0.1638957731964035,12,1.0,12,1.0,leaders_market+community_strong
apache/druid,Apache Druid,Wide column#dbdbio>|<dbengines#Relational,,59.84356943766276,51.64977518717448,62.57483418782552,-0.17459189692549934,3.1122499999999995,3.5976666666666666,2.950444444444445,0.21936431422761146,-0.47964240734672864,0.3524355300859599,-3.088045827158681,0.09117132867132884,0.23598280086208742,0.10889013659317116,12,1.0,12,1.0,leaders_market+community_strong
questdb/questdb,QuestDB,Relational#dbdbio>|<dbengines#Time Series,,40.67006651560465,45.04017003377279,39.21336534288194,0.14859231386903993,3.1106666666666665,3.266666666666667,3.0586666666666664,0.06800348735832627,-0.12952152000693615,0.23755735968937505,-0.16914699794529126,0.04278321678321682,0.13140707436152677,0.05581407909661271,12,1.0,12,1.0,leaders_market+community_strong
apache/ignite,Apache Ignite,Key-value,,32.54281791051229,29.94196955362956,33.409767362806534,-0.10379592804460847,3.0428333333333337,3.1153333333333335,3.018666666666667,0.032022968197879864,0.04356408943028603,0.05406324379462776,-0.33696177956107554,0.0244055944055946,0.09392222799803784,0.03580926971436344,12,1.0,12,1.0,market_strong_community_weak
facebook/rocksdb,RocksDB,Key-value,,35.294899463653564,31.925310134887695,36.41809590657552,-0.12336684990926794,3.031,3.124333333333333,2.9998888888888886,0.041483017889551436,-0.1443306414584166,0.093206432556613,-0.5193581414389418,0.020013986013986067,0.07420270876966609,0.054246354416936204,12,1.0,12,1.0,leaders_market+community_strong
arangodb/arangodb,ArangoDB,"Key-value,Document,Graph",,30.787340482076008,29.348560969034832,31.266933653089737,-0.061354679206457305,2.952,2.892333333333333,2.971888888888889,-0.0267693573111004,-0.01598928557024386,-0.14468704512372632,-0.25972352994905473,-0.029048951048950993,0.04986744349407735,0.05431703971735257,12,1.0,12,1.0,market_strong_community_weak
orientechnologies/orientdb,OrientDB,"Key-value,Document,Graph,Object Oriented#dbdbio>|<dbengines#Document",,5.946122209231059,5.841532230377197,5.980985535515679,-0.023316108074563073,2.759916666666667,2.624,2.8052222222222216,-0.06460173485958703,-0.010001519808032449,-0.14676781002638517,-0.02624121745983189,-0.034709790209790134,0.11027023277024578,0.04670013857182999,12,1.0,12,1.0,market_strong_community_weak
apache/jena,Apache Jena - TDB,RDF,,9.795578479766846,10.210205554962158,9.657369454701742,0.05724499853231408,2.6351666666666667,2.4073333333333333,2.711111111111111,-0.11204918032786876,-0.04711165857747283,-0.16416916416916427,0.1746024718651406,-0.06234965034965026,0.18095236768996195,0.09003871490613057,12,1.0,12,1.0,market_strong_community_weak
apache/accumulo,Apache Accumulo,Wide column,,23.52267583211263,22.174928665161133,23.97192488776313,-0.07496253350598908,2.5869999999999997,2.347,2.667,-0.1199850018747656,-0.12895431916985078,-0.2297705314009661,-0.15226704257351556,-0.08708391608391593,0.0629758594589583,0.13763682767480864,12,1.0,12,1.0,market_strong_community_weak
memgraph/memgraph,Memgraph,Graph,,27.731728235880535,26.053747812906902,28.29105504353841,-0.07908178847301427,2.577,2.4429999999999996,2.6216666666666666,-0.06815003178639555,-0.18906802523142782,-0.1345880681818182,-0.3958355029979785,-0.032888111888111846,0.08438848176668363,0.04714691479533881,12,1.0,12,1.0,market_strong_community_weak
ravendb/ravendb,RavenDB,"Key-value,Document",,63.17523638407389,59.403395334879555,64.43251673380534,-0.07805253703969002,2.5684166666666663,2.51,2.587888888888889,-0.030097462539178395,-0.12791230930906272,-0.10089020771513361,-1.0777617234450103,-0.012989510489510418,0.0739920782527932,0.03120450753003788,12,1.0,12,1.0,leaders_market+community_strong
oceanbase/oceanbase,OceanBase,Relational,,7.770175059636434,4.40024455388387,8.893485228220621,-0.5052283282687527,2.3899166666666667,2.7920000000000003,2.255888888888889,0.23764960843225152,-0.7816472731490619,0.49459193706981336,-0.6190324813335923,0.0779265734265734,0.34638296274870944,0.12310427388002805,12,1.0,12,1.0,market_strong_community_weak
qdrant/qdrant,Qdrant,Vector,,56.54503345489502,50.20228068033854,58.65928437974718,-0.14417161390275193,2.2531666666666665,2.9666666666666663,2.015333333333333,0.4720476347998678,-0.17520708479398955,1.0325251330573624,-1.0733579222138934,0.13329370629370624,0.08227653844546563,0.2193290136551684,12,1.0,12,1.0,leaders_market+community_strong
yugabyte/yugabyte-db,YugabyteDB,"Relational,Key-value",,152.85686429341635,131.46368662516275,159.98792351616754,-0.1782899375409562,2.2295000000000003,2.0519999999999996,2.2886666666666664,-0.10340809787358003,-0.23994990773445984,-0.13506916192026047,-3.064585412298881,-0.03944055944055949,0.08696642520883338,0.06553505425547755,12,1.0,12,1.0,leaders_market+community_strong
infinispan/infinispan,Infinispan,Key-value,,28.140732288360596,23.565772374471027,29.665718926323784,-0.20562274479180034,2.0580833333333337,1.9636666666666667,2.0895555555555556,-0.06024672976709563,-0.22165301942943785,-0.12118607649333908,-0.4206873153473106,-0.03419930069930068,0.1315110371411291,0.07244566543004255,12,1.0,12,1.0,market_strong_community_weak
citusdata/citus,Citus,Relational,,21.761658827463787,22.203532536824543,21.6143675910102,0.027258023781338243,1.988833333333333,2.0263333333333335,1.9763333333333333,0.025299375948726735,0.28758845213308004,0.07389402041808465,0.48982390156992706,0.0002937062937063089,0.1316137467509416,0.041549268607404995,12,1.0,12,1.0,market_strong_community_weak
percona/percona-server,Percona Server for MySQL,Relational,,9.624995390574137,10.333953539530436,9.388676007588705,0.10068273004390385,1.9773333333333332,1.9949999999999999,1.9714444444444443,0.01194837400665051,-0.43688027191554646,0.03933136676499512,-0.24982367362175759,-0.0035174825174825062,0.2826657244249311,0.03174537563796207,12,1.0,12,1.0,market_strong_community_weak
chroma-core/chroma,Chroma,Document#dbdbio>|<dbengines#Vector,,65.94797960917155,62.42198181152344,67.12331220838759,-0.0700402027580022,1.9645833333333336,2.1943333333333332,1.8880000000000001,0.16225282485875694,-0.10021832051133515,0.2638888888888889,0.34138736858234703,0.0355629370629371,0.10608375649294137,0.07968422320795146,12,1.0,12,1.0,leaders_market+community_strong
apache/phoenix,Apache Phoenix,Relational,,18.437026341756184,20.655155499776203,17.69764995574951,0.16711289642531743,1.899,2.0043333333333333,1.8638888888888887,0.07535022354694494,-0.3110618907565685,0.1312921639854697,0.4734822786771337,0.009181818181818268,0.23159031675247604,0.05305581795741225,12,1.0,12,1.0,market_strong_community_weak
taosdata/tdengine,TDengine,Relational#dbdbio>|<dbengines#Time Series,,105.30917930603027,101.90629069010417,106.44347551133897,-0.042625297599865344,1.8564166666666668,1.6646666666666665,1.920333333333333,-0.13313660822773818,-0.10756328471533859,-0.26155717761557185,-0.8686384454473738,-0.06784965034965029,0.044249573821699036,0.15097410176600326,12,1.0,12,1.0,community_strong_market_weak
monetdb/monetdb,MonetDB,Wide column#dbdbio>|<dbengines#Relational,,6.537050028642018,4.529376188913981,7.206274641884698,-0.37146772583602394,1.6189166666666666,1.5916666666666668,1.628,-0.02231777231777218,-0.5284164166480306,-0.08534432018834609,-0.5797746723348447,-0.010555944055944042,0.39370004016661064,0.028924734283549657,12,1.0,12,1.0,laggards_market+community_weak
apache/iotdb,Apache IoTDB,Hierarchical#dbdbio>|<dbengines#Time Series,,76.62612024943034,65.03787740071614,80.4888678656684,-0.1919643159938481,1.4504166666666667,1.5536666666666668,1.416,0.09722222222222233,-0.15920585199934592,0.21541786743515862,-1.2895835396293163,0.018325174825174862,0.10042565010715013,0.05708941587827376,12,1.0,12,1.0,community_strong_market_weak
victoriametrics/victoriametrics,VictoriaMetrics,Wide column#dbdbio>|<dbengines#Time Series,,90.73075103759766,70.26716868082683,97.55194515652127,-0.279694848031131,1.4121666666666668,1.6016666666666666,1.349,0.18729923400049414,-0.4034589796261573,0.3578621223857475,-2.418331172916437,0.03447552447552452,0.1430802753443828,0.09985487171557639,12,1.0,12,1.0,community_strong_market_weak
tarantool/tarantool,Tarantool,Key-value#dbdbio>|<dbengines#Document,,44.01782766977946,38.74387995402018,45.77581024169922,-0.1536167301146609,1.4071666666666667,1.3326666666666667,1.432,-0.06936685288640591,-0.28141047307212025,-0.13156230234029093,-1.3012349188744616,-0.015965034965034916,0.11451430573023437,0.05488639933931875,12,1.0,12,1.0,community_strong_market_weak
gridgain/gridgain,GridGain,Columnar,,11.586805661519369,9.110140800476074,12.412360615200466,-0.2660428517264006,1.3456666666666663,1.3323333333333334,1.350111111111111,-0.013167640523413631,-0.4841572928671068,-0.06845637583892623,-0.7019392293649953,-0.009048951048951051,0.26064700754297326,0.04329130238528028,12,1.0,12,1.0,laggards_market+community_weak
valkey-io/valkey,Valkey,Key-value,,66.14913113911946,57.288856506347656,69.10255601671007,-0.1709589368518536,1.3442500000000002,1.5650000000000002,1.2118000000000002,0.29146723881828673,-0.1907360057307255,0.7344689378757516,-1.459460865367539,0.0996904761904761,0.1028550584444238,0.17567041115082535,12,1.0,8,0.6666666666666666,community_strong_market_weak
dgraph-io/dgraph,Dgraph,Graph,,10.677785873413086,10.677785873413086,,,1.2605000000000002,1.2619999999999998,1.2600000000000002,0.001587301587301236,-0.09998810718809574,-0.04088952654232421,-0.5716805458068858,-0.008076923076923113,0.05014583040239412,0.05169331208799714,3,0.25,12,1.0,laggards_market+community_weak
meilisearch/meilisearch,Meilisearch,Document#dbdbio>|<dbengines#Search Engine,,24.42339499791463,19.643009821573894,26.016856723361546,-0.24498912261235334,1.1795833333333334,1.3313333333333335,1.1290000000000002,0.1792146442279302,-0.31580069155616014,0.38857677902621723,-0.5487726718395746,0.024604895104895122,0.15104095071444745,0.0921156377074274,12,1.0,12,1.0,laggards_market+community_weak
starrocks/starrocks,StarRocks,"Wide column,Relational",,205.68718338012695,190.1893107096354,210.85314093695746,-0.098001054836078,1.09725,1.3073333333333332,1.0272222222222223,0.272687939426717,-0.2002577141488871,0.3796680497925312,-3.0644449620813776,0.0313671328671329,0.061009272916017446,0.12846327809561367,12,1.0,12,1.0,community_strong_market_weak
mbdavid/litedb,LiteDB,Document,,6.270891189575195,6.270891189575195,,,1.0953333333333333,1.0963333333333332,1.095,0.001217656012176426,,0.052212389380531125,,-0.004048951048951078,0.0,0.04114645414680826,1,0.08333333333333333,12,1.0,laggards_market+community_weak
eventstore/eventstore,KurrentDB (aka EventStoreDB),Event,,23.218853378295897,22.920488993326824,23.66639995574951,-0.0315177197975764,1.0609166666666667,1.1079999999999999,1.0452222222222223,0.06006165621345789,-0.11128650782144302,0.06976744186046507,-0.21685466766357683,0.004891608391608423,0.0801693539310931,0.038803478514605,5,0.4166666666666667,12,1.0,laggards_market+community_weak
surrealdb/surrealdb,SurrealDB,"Relational,Document,Graph",,49.51979033152262,38.860711415608726,53.072816636827255,-0.2677850191835634,1.05025,1.1593333333333333,1.0138888888888888,0.14345205479452058,-0.35753537016307674,0.1975655430711609,-1.9674983124632928,0.01747202797202799,0.16867751174468595,0.08303884632810306,12,1.0,12,1.0,community_strong_market_weak
vitessio/vitess,Vitess,Relational,,50.74578857421875,42.40840530395508,53.524916330973305,-0.20768852693349146,0.9860000000000001,1.138,0.9353333333333335,0.21667854597291492,-0.24715950331797787,0.4337899543378996,-1.4230571826854785,0.02669230769230772,0.1433441650925856,0.10949746484630832,12,1.0,12,1.0,community_strong_market_weak
cubrid/cubrid,Cubrid,"Object Oriented,Relational#dbdbio>|<dbengines#Relational",,46.9492572148641,53.36191050211588,44.811706119113495,0.1908029201181313,0.9644166666666667,1.0056666666666667,0.9506666666666668,0.05785413744740526,0.2813207556700016,0.004136504653567739,1.5509904314587977,0.009318181818181821,0.1378259665599728,0.05831478664435128,12,1.0,12,1.0,community_strong_market_weak
apple/foundationdb,FoundationDB,Key-value#dbdbio>|<dbengines#Document,,43.90209070841471,40.335470835367836,45.090963999430336,-0.10546443771134677,0.9227500000000001,0.9303333333333335,0.9202222222222223,0.010987684134267161,-0.19162015756989606,-0.0152284263959391,-0.945300068888631,-0.002632867132867112,0.0799330627874231,0.03830784282829332,12,1.0,12,1.0,community_strong_market_weak
matrixorigin/matrixone,MatrixOne,Relational,,69.93052260080974,48.85615793863932,76.9553108215332,-0.3651359806480222,0.9062500000000001,0.7456666666666667,0.959777777777778,-0.22308404723315592,-0.48275032793867223,-0.2262026612077789,-4.942024137590312,-0.029835664335664282,0.25171290339497004,0.13032772496202502,12,1.0,12,1.0,community_strong_market_weak
typesense/typesense,Typesense,Search Engine,,22.449325561523438,19.25853220621745,23.512923346625435,-0.18093841746898623,0.8924166666666666,1.028,0.8472222222222222,0.2133770491803279,-0.25399847476613013,0.27374872318692556,-0.6090680235749344,0.01853496503496507,0.12881423418849008,0.13772429614206846,12,1.0,12,1.0,laggards_market+community_weak
vespa-engine/vespa,Vespa,Document#dbdbio>|<dbengines#Search Engine,,51.609278996785484,43.61568832397461,54.27380922105577,-0.19637687219761785,0.7829166666666668,0.9380000000000001,0.7312222222222222,0.2827837714633035,-0.2545888951975216,0.6563011456628478,-1.1392953512551889,0.037583916083916105,0.11196456589182911,0.16991557101578833,12,1.0,12,1.0,community_strong_market_weak
exist-db/exist,eXist-db,Document#dbdbio>|<dbengines#Native XML,,7.130937218666077,5.1508049964904785,7.790981292724609,-0.3388759640200376,0.69375,0.7003333333333334,0.6915555555555556,0.012692802056555264,-0.43421996678496155,0.010057471264367826,-0.5229542222056354,-0.0004160839160839234,0.29855689478426745,0.02159858632790106,12,1.0,12,1.0,laggards_market+community_weak
dolthub/dolt,Dolt,Relational,,24.56290102005005,27.633665720621746,23.53931278652615,0.173936808233382,0.6836666666666665,0.6236666666666667,0.7036666666666666,-0.11369019422074826,0.1668576998771803,-0.27999999999999997,0.5842960931204416,-0.02235664335664333,0.09705915027378773,0.13387289387142315,12,1.0,12,1.0,laggards_market+community_weak
risingwavelabs/risingwave,RisingWave,Relational,,81.09827423095703,73.75791676839192,83.54506005181207,-0.11714807886128115,0.6584166666666668,0.6746666666666666,0.653,0.03318019397651855,-0.24633672683784769,0.06655574043261238,-1.954014544720417,0.009129370629370642,0.09074053928139861,0.08031554041733417,12,1.0,12,1.0,community_strong_market_weak
crate/crate,CrateDB,Document,,39.35841210683187,29.128849029541016,42.76826646592882,-0.3189144326729631,0.64975,0.6403333333333333,0.652888888888889,-0.019230769230769378,-0.4599339579596589,-0.03254437869822488,-1.679658823079994,-0.0015069930069930052,0.181018978865632,0.021757566289416747,12,1.0,12,1.0,community_strong_market_weak
typedb/typedb,TypeDB,Graph,,11.797564586003622,10.169924100240072,12.34011141459147,-0.17586448302122112,0.6065833333333334,0.6013333333333334,0.6083333333333333,-0.011506849315068322,-0.2134360764879613,-0.040909090909090944,-0.28441597531725443,-0.004332167832167854,0.1463222455072708,0.049183923121695845,12,1.0,12,1.0,laggards_market+community_weak
dragonflydb/dragonfly,Dragonfly,Key-value,,42.718033154805504,37.250413258870445,44.54057312011719,-0.16367458590141198,0.5019999999999999,0.5143333333333334,0.4978888888888889,0.03302834188797162,-0.2160706339921965,0.20350109409190378,-0.7624959745607167,0.0037552447552447526,0.0865033317285403,0.045140514715636126,12,1.0,12,1.0,community_strong_market_weak
apache/doris,Apache Doris,Relational,,286.6156743367513,271.53943888346356,291.6410861545139,-0.06892597862703176,0.5010833333333333,0.5226666666666667,0.49388888888888893,0.05826771653543309,-0.12971430455595956,-0.1421143847487001,-3.4191823039021445,-0.00022027972027970189,0.042408977681919674,0.08053263059049616,12,1.0,12,1.0,community_strong_market_weak
percona/percona-server-mongodb,Percona Server for MongoDB,Document,,5.425046324729919,7.136581738789876,4.854534520043267,0.47008569190816457,0.4742499999999999,0.49866666666666665,0.46611111111111103,0.06984505363528024,1.3569031644513518,0.05508474576271192,0.43559292980007375,0.0022202797202797316,0.3456699558226518,0.04942183561773836,12,1.0,12,1.0,laggards_market+community_weak
ydb-platform/ydb,YDB,Relational#dbdbio>|<dbengines#Document,,253.47770563761392,274.4242858886719,246.4955122205946,0.11330337585652739,0.4619166666666667,0.4546666666666667,0.4643333333333334,-0.020818377602297176,0.18031662665882423,0.09113924050632904,4.388052720289982,0.012094405594405597,0.062162515287698214,0.18907719014542052,12,1.0,12,1.0,community_strong_market_weak
apache/pinot,Apache Pinot,Relational,,98.61167589823405,90.75536092122395,101.23044755723741,-0.10347762840908775,0.4384999999999999,0.5539999999999999,0.39999999999999997,0.38499999999999995,-0.15891725573137885,0.8720238095238094,-0.9693798518680997,0.024426573426573433,0.06174072377250395,0.20348180392260554,12,1.0,12,1.0,community_strong_market_weak
apache/sedona,Apache Sedona,Spatial,,14.576975107192993,16.36318842569987,13.9815706676907,0.17033978618101395,0.41275,0.531,0.3733333333333333,0.4223214285714288,-0.23613875522499347,1.050473186119874,0.2529007338143726,0.022465034965034963,0.2260900335330477,0.21427087759138264,12,1.0,12,1.0,laggards_market+community_weak
fluree/db,Fluree,"Graph,Relational,Document,RDF",,9.879273653030396,8.447844664255777,10.356416649288601,-0.18428883750673805,0.37483333333333335,0.36633333333333334,0.37766666666666665,-0.03000882612533091,-0.2813357900567691,-0.04507042253521115,-0.4624936764056867,0.00452447552447554,0.2074114060462662,0.11484597522329856,12,1.0,12,1.0,laggards_market+community_weak
activeloopai/deeplake,Deep Lake,Vector,,6.855325678984324,2.011366367340088,8.469978782865736,-0.7625299402863956,0.3738333333333333,0.44966666666666666,0.34855555555555556,0.29008606949314625,-0.8395204401406173,0.6644736842105263,-1.1177129487057664,0.01658041958041958,0.580617915784643,0.16042810625494555,12,1.0,12,1.0,laggards_market+community_weak
marqo-ai/marqo,Marqo,"Document,Vector#dbdbio>|<dbengines#Search Engine",,16.402341922124226,14.596750577290853,17.00420570373535,-0.14157998135223965,0.3452499999999999,0.3726666666666667,0.336111111111111,0.10876033057851278,-0.25489183524088027,0.14814814814814828,-0.34232799490014937,0.004653846153846163,0.09859551906896873,0.08394819087413738,12,1.0,12,1.0,laggards_market+community_weak
cnosdb/cnosdb,CnosDB,Relational#dbdbio>|<dbengines#Time Series,,8.491442193587622,1.9037047624588013,10.687354670630562,-0.8218731556003951,0.3409166666666667,0.4463333333333333,0.3057777777777778,0.45966569767441834,-0.860452348446248,0.5953947368421053,-1.718633725509777,0.012520979020979015,0.7707527031036229,0.2058778785141804,12,1.0,12,1.0,laggards_market+community_weak
bloomberg/comdb2,Comdb2,Relational,,27.282543659210205,25.166481018066406,27.987897872924805,-0.1008084589871184,0.33208333333333334,0.3373333333333333,0.3303333333333333,0.02119071644803231,-0.08089403339628558,0.04923076923076927,-0.3674505607231503,0.001269230769230775,0.05459625216991399,0.014621487710873002,12,1.0,12,1.0,laggards_market+community_weak
vdaas/vald,Vald,Vector,,12.68936554590861,13.476508140563965,12.426984681023491,0.08445519862458177,0.27183333333333337,0.263,0.2747777777777778,-0.04286291953093408,0.27617947024064116,-0.15533980582524268,0.1904223582127713,-0.002349650349650351,0.08758558846148855,0.08246189643137747,12,1.0,12,1.0,laggards_market+community_weak
manticoresoftware/manticoresearch,Manticore Search,Relational#dbdbio>|<dbengines#Search Engine,,32.23429934183756,32.88947041829427,32.01590898301866,0.027285229844292453,0.24150000000000002,0.251,0.23833333333333334,0.053146853146853114,-0.012243985547112647,0.15981735159817353,-0.046646064811652746,0.004153846153846161,0.04529364248712511,0.0880749008030271,12,1.0,12,1.0,laggards_market+community_weak
apache/incubator-hugegraph,Apache HugeGraph,Graph,,5.860902825991313,6.010109106699626,5.811167399088542,0.034234379075413865,0.21291666666666664,0.17066666666666666,0.227,-0.2481644640234949,-0.5208018347028008,-0.14925373134328357,-0.24558709051225563,-0.009367132867132852,0.40974778150599583,0.22687458245454475,12,1.0,12,1.0,laggards_market+community_weak
ytsaurus/ytsaurus,YTsaurus,Document,,28.635478655497234,21.713268915812176,30.942881902058918,-0.29827903604649736,0.2041666666666667,0.24633333333333332,0.1901111111111111,0.29573348918760967,-0.34972240435872454,0.4522292993630574,-0.8968019285402099,0.008902097902097901,0.17980980017152023,0.1746500040272131,12,1.0,12,1.0,laggards_market+community_weak
xtdb/xtdb,XTDB,Document,,23.503684361775715,21.724082946777344,24.09688483344184,-0.09846923795608238,0.18575,0.20566666666666666,0.1791111111111111,0.14826302729528534,-0.24097696534413196,0.4620689655172414,-0.43975812738591874,0.005674825174825176,0.07601319492496193,0.11174711667632362,12,1.0,12,1.0,laggards_market+community_weak
greptimeteam/greptimedb,GreptimeDB,Time Series,,42.909894943237305,40.81246566772461,43.60903803507487,-0.06412827462740561,0.12474999999999999,0.136,0.121,0.12396694214876045,0.061307696908330274,0.12962962962962962,-0.07531839650827642,0.0032272727272727292,0.10663737224963286,0.13405899960180015,12,1.0,12,1.0,community_strong_market_weak
arcadedata/arcadedb,ArcadeDB,"Key-value,Document,Graph,Time Series",,11.12267017364502,10.829995473225912,11.220228407118055,-0.03477941087585896,0.079,0.13799999999999998,0.05933333333333332,1.3258426966292136,-0.0063299115406185895,18.444444444444443,0.017430378840519754,0.0122027972027972,0.06689164246124998,0.5932960590135218,12,1.0,12,1.0,laggards_market+community_weak
apache/tinkerpop,TinkerGraph,Graph,,12.884156783421835,11.65022341410319,13.29546790652805,-0.12374476054483559,0.05408333333333334,0.03833333333333334,0.059333333333333335,-0.3539325842696629,-0.1535311985005494,-0.6164383561643836,-0.4520567880643828,-0.004066433566433565,0.18098630837343194,0.33862917514300034,12,1.0,12,1.0,laggards_market+community_weak
kuzudb/kuzu,Kuzu,Graph,,39.20595773061117,38.78622055053711,39.345870123969185,-0.014223845391365267,0.02383333333333333,0.02733333333333333,0.022666666666666665,0.20588235294117646,-0.07888136802812871,3.875,0.2540005637215566,0.0014685314685314698,0.06369020150095628,0.7035187473022739,12,1.0,12,1.0,community_strong_market_weak
opengemini/opengemini,openGemini,Relational#dbdbio>|<dbengines#Time Series,,6.5874190628528595,2.3485482136408486,8.000376012590197,-0.706445270829154,0.012666666666666668,0.016666666666666666,0.011333333333333334,0.47058823529411753,-0.9053449363629213,0.0,-1.1488663395801615,0.0005664335664335675,0.6450639815571743,0.9719044901378625,12,1.0,12,1.0,laggards_market+community_weak
